sample,dataset,stage,score
GSM362958,GSE14520,HCC_Tumor,2.3477827838191008
GSM362959,GSE14520,HCC_Tumor,1.9614916597727734
GSM362960,GSE14520,HCC_Tumor,1.5561302729312334
GSM362961,GSE14520,Adjacent_NonTumor,-1.0762928466796728
GSM362962,GSE14520,Adjacent_NonTumor,-1.8122138278108428
GSM362963,GSE14520,Adjacent_NonTumor,-1.714762354849349
GSM362964,GSE14520,HCC_Tumor,1.0272030424246201
GSM362965,GSE14520,HCC_Tumor,1.9490923260513469
GSM362966,GSE14520,HCC_Tumor,1.5191540084542137
GSM362967,GSE14520,Adjacent_NonTumor,-1.5930756689682575
GSM362968,GSE14520,Adjacent_NonTumor,-1.646124227766627
GSM362969,GSE14520,Adjacent_NonTumor,-1.6693971848260951
GSM362970,GSE14520,HCC_Tumor,1.9587794553050641
GSM362971,GSE14520,HCC_Tumor,-1.1944257761804487
GSM362972,GSE14520,HCC_Tumor,0.4674514906752987
GSM362973,GSE14520,Adjacent_NonTumor,-1.6593831313482101
GSM362974,GSE14520,Adjacent_NonTumor,0.6904338755960095
GSM362975,GSE14520,Adjacent_NonTumor,-1.8531056433609536
GSM362976,GSE14520,HCC_Tumor,-0.03909610356956905
GSM362977,GSE14520,HCC_Tumor,0.9565190629939091
GSM362978,GSE14520,HCC_Tumor,1.4038685640847457
GSM362979,GSE14520,Adjacent_NonTumor,-1.9461185117840774
GSM362980,GSE14520,Adjacent_NonTumor,-1.9831105026196225
GSM362981,GSE14520,Adjacent_NonTumor,-0.9793922388187306
GSM362982,GSE14520,HCC_Tumor,2.0296943433518497
GSM362983,GSE14520,HCC_Tumor,2.250657236972989
GSM362984,GSE14520,HCC_Tumor,0.4236457192015811
GSM362985,GSE14520,Adjacent_NonTumor,-1.7557818354960086
GSM362986,GSE14520,HCC_Tumor,2.1970070512599262
GSM362987,GSE14520,HCC_Tumor,0.8962665713108939
GSM362988,GSE14520,HCC_Tumor,2.073601175066677
GSM362989,GSE14520,Adjacent_NonTumor,-1.8025448188857447
GSM362990,GSE14520,Adjacent_NonTumor,-1.4411891008374158
GSM362991,GSE14520,Adjacent_NonTumor,-1.3511513732211693
GSM362992,GSE14520,HCC_Tumor,1.798722254487017
GSM362993,GSE14520,HCC_Tumor,1.9731391549450608
GSM362994,GSE14520,HCC_Tumor,1.5243634057011366
GSM362995,GSE14520,Adjacent_NonTumor,-1.397443834726443
GSM362996,GSE14520,Adjacent_NonTumor,-1.990467792268988
GSM362997,GSE14520,Adjacent_NonTumor,-1.7335252232416676
GSM362998,GSE14520,Adjacent_NonTumor,-1.2312730478778438
GSM362999,GSE14520,Adjacent_NonTumor,-1.7953290421321446
GSM363000,GSE14520,Adjacent_NonTumor,-2.124068418676237
GSM363001,GSE14520,Adjacent_NonTumor,-1.4175914886409768
GSM363002,GSE14520,Adjacent_NonTumor,-1.9922980782340878
GSM363003,GSE14520,Adjacent_NonTumor,-1.3748133875273125
GSM363004,GSE14520,Adjacent_NonTumor,-2.3856796954256523
GSM363005,GSE14520,Adjacent_NonTumor,-2.0738101245035567
GSM363006,GSE14520,Adjacent_NonTumor,-1.565437902693621
GSM363007,GSE14520,Adjacent_NonTumor,-1.2595124745319777
GSM363008,GSE14520,HCC_Tumor,0.42380920562730917
GSM363009,GSE14520,HCC_Tumor,2.7845731627125536
GSM363010,GSE14520,HCC_Tumor,0.270641594547788
GSM363011,GSE14520,HCC_Tumor,1.9582006067360158
GSM363012,GSE14520,HCC_Tumor,0.5118203900939731
GSM363013,GSE14520,HCC_Tumor,2.253539773717729
GSM363014,GSE14520,HCC_Tumor,1.1865766499845953
GSM363015,GSE14520,HCC_Tumor,1.832906324855076
GSM363016,GSE14520,HCC_Tumor,0.5041366464016231
GSM363017,GSE14520,HCC_Tumor,2.3464489951168686
GSM363018,GSE14520,Adjacent_NonTumor,-1.7279769468690955
GSM363019,GSE14520,Adjacent_NonTumor,-1.1415442719115172
GSM363020,GSE14520,Adjacent_NonTumor,-1.5128997909128714
GSM363021,GSE14520,Adjacent_NonTumor,-0.7462208848938121
GSM363022,GSE14520,Adjacent_NonTumor,-1.660971104993719
GSM363023,GSE14520,Adjacent_NonTumor,-0.6531520823536104
GSM363024,GSE14520,Adjacent_NonTumor,-1.408967626861671
GSM363025,GSE14520,Adjacent_NonTumor,-1.8625430162331345
GSM363026,GSE14520,Adjacent_NonTumor,-2.5066826408817064
GSM363027,GSE14520,Adjacent_NonTumor,-2.009684027447129
GSM363028,GSE14520,Adjacent_NonTumor,-0.7376968750411346
GSM363029,GSE14520,HCC_Tumor,1.2990558123355875
GSM363030,GSE14520,HCC_Tumor,2.6418149004690923
GSM363031,GSE14520,HCC_Tumor,2.4518627385462177
GSM363032,GSE14520,HCC_Tumor,2.487078721741298
GSM363033,GSE14520,HCC_Tumor,2.624347092201474
GSM363034,GSE14520,HCC_Tumor,1.3783184324298223
GSM363035,GSE14520,HCC_Tumor,-0.6182340606676925
GSM363036,GSE14520,HCC_Tumor,2.09823341524955
GSM363037,GSE14520,HCC_Tumor,2.6143137983581517
GSM363038,GSE14520,HCC_Tumor,2.9718571892279466
GSM363039,GSE14520,HCC_Tumor,1.1458322489240986
GSM363040,GSE14520,Adjacent_NonTumor,-0.9988614300837528
GSM363041,GSE14520,Adjacent_NonTumor,0.1440515112513694
GSM363042,GSE14520,Adjacent_NonTumor,-2.0889092645027807
GSM363043,GSE14520,Adjacent_NonTumor,-1.5188434526639252
GSM363044,GSE14520,Adjacent_NonTumor,-1.4064860437916562
GSM363045,GSE14520,Adjacent_NonTumor,-0.48631232073210173
GSM363046,GSE14520,Adjacent_NonTumor,-1.651848749011902
GSM363047,GSE14520,Adjacent_NonTumor,-1.2699684791798287
GSM363048,GSE14520,HCC_Tumor,2.629832650729513
GSM363049,GSE14520,HCC_Tumor,1.9952002701543754
GSM363050,GSE14520,HCC_Tumor,1.5586619774726573
GSM363051,GSE14520,HCC_Tumor,1.7185606422180295
GSM363052,GSE14520,HCC_Tumor,2.5633181565106202
GSM363053,GSE14520,HCC_Tumor,2.576897328972609
GSM363054,GSE14520,HCC_Tumor,0.8432080507420788
GSM363055,GSE14520,HCC_Tumor,0.8748719475579423
GSM363056,GSE14520,HCC_Tumor,2.2346665561121606
GSM363057,GSE14520,HCC_Tumor,1.4397640957771773
GSM363058,GSE14520,Adjacent_NonTumor,-1.4693096559127843
GSM363059,GSE14520,Adjacent_NonTumor,-1.8934262154078274
GSM363060,GSE14520,Adjacent_NonTumor,-1.9219202043755348
GSM363061,GSE14520,Adjacent_NonTumor,-1.5068057871981813
GSM363062,GSE14520,Adjacent_NonTumor,-1.8838832271021306
GSM363063,GSE14520,Adjacent_NonTumor,-0.8284334471878411
GSM363064,GSE14520,Adjacent_NonTumor,-1.7675880703882445
GSM363065,GSE14520,Adjacent_NonTumor,-1.9271618875918384
GSM363066,GSE14520,Adjacent_NonTumor,-1.421290550233406
GSM363067,GSE14520,Adjacent_NonTumor,-1.4902908789016074
GSM363068,GSE14520,Adjacent_NonTumor,-2.080102190852494
GSM363069,GSE14520,HCC_Tumor,2.314657482453205
GSM363070,GSE14520,HCC_Tumor,3.1731103534337803
GSM363071,GSE14520,HCC_Tumor,1.734355097674174
GSM363072,GSE14520,HCC_Tumor,2.273887530496059
GSM363073,GSE14520,HCC_Tumor,0.40375060587725287
GSM363074,GSE14520,HCC_Tumor,0.36851462838670235
GSM363075,GSE14520,HCC_Tumor,0.857101193075082
GSM363076,GSE14520,HCC_Tumor,0.6044330835326572
GSM363077,GSE14520,HCC_Tumor,1.9701851386119822
GSM363078,GSE14520,HCC_Tumor,1.817516262173255
GSM363079,GSE14520,HCC_Tumor,2.0421812991783583
GSM363080,GSE14520,HCC_Tumor,1.7716843944568943
GSM363081,GSE14520,HCC_Tumor,1.9002299654902592
GSM363082,GSE14520,HCC_Tumor,1.2590513214778183
GSM363083,GSE14520,HCC_Tumor,2.004573776967476
GSM363084,GSE14520,HCC_Tumor,0.12025939624188509
GSM363085,GSE14520,HCC_Tumor,2.30744129206182
GSM363086,GSE14520,HCC_Tumor,2.012034717425038
GSM363087,GSE14520,HCC_Tumor,0.588483079330686
GSM363088,GSE14520,Adjacent_NonTumor,0.6541652117392511
GSM363089,GSE14520,Adjacent_NonTumor,-0.7984729146311625
GSM363090,GSE14520,Adjacent_NonTumor,-1.1060705616336133
GSM363091,GSE14520,Adjacent_NonTumor,-1.270212537798623
GSM363092,GSE14520,Adjacent_NonTumor,-1.6088532657040302
GSM363093,GSE14520,Adjacent_NonTumor,-2.192189975703281
GSM363094,GSE14520,Adjacent_NonTumor,-2.2346587320590965
GSM363095,GSE14520,Adjacent_NonTumor,-1.285172789466548
GSM363096,GSE14520,Adjacent_NonTumor,-1.6017797862256034
GSM363097,GSE14520,Adjacent_NonTumor,-2.0216893578425648
GSM363098,GSE14520,HCC_Tumor,0.3162500438933347
GSM363099,GSE14520,HCC_Tumor,0.661578809851572
GSM363100,GSE14520,HCC_Tumor,2.551606468051354
GSM363101,GSE14520,HCC_Tumor,1.5021727387612969
GSM363102,GSE14520,HCC_Tumor,0.8069616810597353
GSM363103,GSE14520,Adjacent_NonTumor,-1.3012074100152955
GSM363104,GSE14520,HCC_Tumor,-0.3198373336524985
GSM363105,GSE14520,HCC_Tumor,1.9544791629515657
GSM363106,GSE14520,HCC_Tumor,2.2426561734957993
GSM363107,GSE14520,HCC_Tumor,0.7849731842249692
GSM363108,GSE14520,HCC_Tumor,0.07358851035863202
GSM363109,GSE14520,HCC_Tumor,1.8739995982430013
GSM363110,GSE14520,Adjacent_NonTumor,-0.7076763958477252
GSM363111,GSE14520,Adjacent_NonTumor,-1.4355077603068214
GSM363112,GSE14520,Adjacent_NonTumor,-1.7214074610311065
GSM363113,GSE14520,Adjacent_NonTumor,-1.937034070314187
GSM363114,GSE14520,Adjacent_NonTumor,-1.4417967587932212
GSM363115,GSE14520,HCC_Tumor,1.4950609081658346
GSM363116,GSE14520,Adjacent_NonTumor,-1.641979332079413
GSM363117,GSE14520,Adjacent_NonTumor,-1.801314351153382
GSM363118,GSE14520,Adjacent_NonTumor,-1.5653714412008086
GSM363119,GSE14520,Adjacent_NonTumor,-1.57348165326222
GSM363120,GSE14520,Adjacent_NonTumor,-1.4331332017908405
GSM363121,GSE14520,HCC_Tumor,1.3203107737396351
GSM363122,GSE14520,HCC_Tumor,1.4870195995299642
GSM363123,GSE14520,HCC_Tumor,2.293020511902855
GSM363124,GSE14520,HCC_Tumor,0.01980150948384156
GSM363125,GSE14520,HCC_Tumor,1.5419406534761375
GSM363126,GSE14520,HCC_Tumor,1.292587236844841
GSM363127,GSE14520,HCC_Tumor,2.9248438623746935
GSM363128,GSE14520,HCC_Tumor,1.1949278750511696
GSM363129,GSE14520,HCC_Tumor,3.1129381688281637
GSM363130,GSE14520,HCC_Tumor,1.3126814107860416
GSM363131,GSE14520,Adjacent_NonTumor,-2.3525893480068634
GSM363132,GSE14520,Adjacent_NonTumor,-1.9666982774269979
GSM363133,GSE14520,Adjacent_NonTumor,-1.7247217392142535
GSM363134,GSE14520,Adjacent_NonTumor,-1.714347396290945
GSM363135,GSE14520,Adjacent_NonTumor,-1.4282403127397694
GSM363136,GSE14520,Adjacent_NonTumor,-2.2923140875818255
GSM363137,GSE14520,Adjacent_NonTumor,-1.9555882970992922
GSM363138,GSE14520,Adjacent_NonTumor,-1.7456699236343929
GSM363139,GSE14520,Adjacent_NonTumor,-1.475802917268156
GSM363140,GSE14520,Adjacent_NonTumor,-1.90280805895374
GSM363141,GSE14520,Adjacent_NonTumor,-1.3409959125562496
GSM363142,GSE14520,HCC_Tumor,1.2530096850268477
GSM363143,GSE14520,HCC_Tumor,1.1498672847904707
GSM363144,GSE14520,HCC_Tumor,1.1628516026986093
GSM363145,GSE14520,HCC_Tumor,2.759950352931182
GSM363146,GSE14520,HCC_Tumor,1.8287732829208387
GSM363147,GSE14520,HCC_Tumor,2.401159769480061
GSM363148,GSE14520,HCC_Tumor,1.114092699476836
GSM363149,GSE14520,HCC_Tumor,2.6507473032464812
GSM363150,GSE14520,HCC_Tumor,2.7200164896201415
GSM363151,GSE14520,HCC_Tumor,2.3991693900095097
GSM363152,GSE14520,HCC_Tumor,1.8478692629081548
GSM363153,GSE14520,Adjacent_NonTumor,-1.3801201423007452
GSM363154,GSE14520,Adjacent_NonTumor,-1.431951872508223
GSM363155,GSE14520,Adjacent_NonTumor,-1.8434872627984227
GSM363156,GSE14520,Adjacent_NonTumor,-2.1007180958309015
GSM363157,GSE14520,Adjacent_NonTumor,-0.7582831133780001
GSM363158,GSE14520,Adjacent_NonTumor,-2.3002892549412524
GSM363159,GSE14520,Adjacent_NonTumor,-1.8119918600843712
GSM363160,GSE14520,Adjacent_NonTumor,-2.0399085683649787
GSM363161,GSE14520,Adjacent_NonTumor,-1.668558858478763
GSM363162,GSE14520,Adjacent_NonTumor,-1.4062258335072433
GSM363163,GSE14520,Adjacent_NonTumor,-1.8913638430988557
GSM363164,GSE14520,HCC_Tumor,1.1456754052283926
GSM363165,GSE14520,Adjacent_NonTumor,-1.9321404672878921
GSM363166,GSE14520,HCC_Tumor,2.375789534894288
GSM363167,GSE14520,Adjacent_NonTumor,-1.5504509236213593
GSM363168,GSE14520,HCC_Tumor,1.1552832622638192
GSM363169,GSE14520,HCC_Tumor,1.8939243635264789
GSM363170,GSE14520,HCC_Tumor,2.2869660748852296
GSM363171,GSE14520,Adjacent_NonTumor,-1.3564707804239775
GSM363172,GSE14520,HCC_Tumor,2.223726597894359
GSM363173,GSE14520,Adjacent_NonTumor,-1.1973405724935666
GSM363174,GSE14520,HCC_Tumor,1.848396206399595
GSM363175,GSE14520,Adjacent_NonTumor,-1.4660418578558088
GSM363176,GSE14520,HCC_Tumor,-1.043541251458203
GSM363177,GSE14520,Adjacent_NonTumor,-1.6726077055900368
GSM363178,GSE14520,HCC_Tumor,1.9896035774995395
GSM363179,GSE14520,Adjacent_NonTumor,-1.797541856783237
GSM363180,GSE14520,HCC_Tumor,1.004372917888555
GSM363181,GSE14520,Adjacent_NonTumor,-1.9516319484081996
GSM363182,GSE14520,HCC_Tumor,1.7528673305248812
GSM363183,GSE14520,Adjacent_NonTumor,-1.5555332408045466
GSM363184,GSE14520,HCC_Tumor,2.5399596698705444
GSM363185,GSE14520,Adjacent_NonTumor,-1.6997949249742823
GSM363186,GSE14520,HCC_Tumor,-1.2846607452069565
GSM363187,GSE14520,Adjacent_NonTumor,-2.0191162559728157
GSM363188,GSE14520,HCC_Tumor,0.6206912481598226
GSM363189,GSE14520,Adjacent_NonTumor,-1.6964768006692599
GSM363190,GSE14520,HCC_Tumor,2.3007428983904354
GSM363191,GSE14520,Adjacent_NonTumor,-1.6581543178598745
GSM363192,GSE14520,HCC_Tumor,2.059945125618586
GSM363193,GSE14520,Adjacent_NonTumor,-1.813031948853702
GSM363194,GSE14520,HCC_Tumor,3.491889443395373
GSM363195,GSE14520,Adjacent_NonTumor,-1.4087711218932575
GSM363196,GSE14520,HCC_Tumor,0.2023820511669387
GSM363197,GSE14520,Adjacent_NonTumor,-1.4984080962420727
GSM363198,GSE14520,HCC_Tumor,1.7910569965043113
GSM363199,GSE14520,Adjacent_NonTumor,-1.6795547717048835
GSM363200,GSE14520,HCC_Tumor,0.017271694487550893
GSM363201,GSE14520,Adjacent_NonTumor,-1.3804593229362836
GSM363202,GSE14520,HCC_Tumor,1.0026215008125998
GSM363203,GSE14520,Adjacent_NonTumor,-1.1713791172596617
GSM363204,GSE14520,HCC_Tumor,2.603838349237465
GSM363205,GSE14520,HCC_Tumor,1.4645012528113244
GSM363206,GSE14520,Adjacent_NonTumor,-1.8588806041538815
GSM363207,GSE14520,HCC_Tumor,1.5345208178146441
GSM363208,GSE14520,Adjacent_NonTumor,-0.9719469723216969
GSM363209,GSE14520,HCC_Tumor,1.4078951242034556
GSM363210,GSE14520,Adjacent_NonTumor,-2.0133587825299344
GSM363211,GSE14520,HCC_Tumor,1.83140122135472
GSM363212,GSE14520,Adjacent_NonTumor,-0.08359293051468542
GSM363213,GSE14520,HCC_Tumor,1.5854682845676913
GSM363214,GSE14520,Adjacent_NonTumor,-1.6310756881513266
GSM363215,GSE14520,HCC_Tumor,1.9308341974200594
GSM363216,GSE14520,Adjacent_NonTumor,-1.1583132102723757
GSM363217,GSE14520,HCC_Tumor,1.0813296905108394
GSM363218,GSE14520,HCC_Tumor,3.063955818623291
GSM363219,GSE14520,Adjacent_NonTumor,-1.244935828697614
GSM363220,GSE14520,HCC_Tumor,1.5410671072773519
GSM363221,GSE14520,Adjacent_NonTumor,-1.931777363281019
GSM363222,GSE14520,HCC_Tumor,2.5645295238325083
GSM363223,GSE14520,Adjacent_NonTumor,-1.6202555032980328
GSM363224,GSE14520,HCC_Tumor,2.010485009461053
GSM363225,GSE14520,Adjacent_NonTumor,-1.2662920184417399
GSM363226,GSE14520,HCC_Tumor,0.529695603104037
GSM363227,GSE14520,Adjacent_NonTumor,-1.67102133375617
GSM363228,GSE14520,HCC_Tumor,2.562229835269996
GSM363229,GSE14520,Adjacent_NonTumor,-2.2991135231656177
GSM363230,GSE14520,HCC_Tumor,2.356690266604676
GSM363231,GSE14520,Adjacent_NonTumor,-1.6813104248829904
GSM363232,GSE14520,HCC_Tumor,1.5122270958074455
GSM363233,GSE14520,Adjacent_NonTumor,-2.0250953348069265
GSM363234,GSE14520,Adjacent_NonTumor,-1.188857714230341
GSM363235,GSE14520,HCC_Tumor,2.6682348923720376
GSM363236,GSE14520,Adjacent_NonTumor,-0.5113638508117251
GSM363237,GSE14520,HCC_Tumor,2.8750798179123684
GSM363238,GSE14520,Adjacent_NonTumor,-1.881946741856336
GSM363239,GSE14520,HCC_Tumor,2.5519694397235457
GSM363240,GSE14520,Adjacent_NonTumor,-1.4855025452854766
GSM363241,GSE14520,HCC_Tumor,1.083318160683349
GSM363242,GSE14520,Adjacent_NonTumor,-1.5053670816521345
GSM363243,GSE14520,HCC_Tumor,-1.1165260626567375
GSM363244,GSE14520,Adjacent_NonTumor,-1.326251127157295
GSM363245,GSE14520,HCC_Tumor,2.9476873588722845
GSM363246,GSE14520,Adjacent_NonTumor,-1.299961112867396
GSM363247,GSE14520,HCC_Tumor,1.5273111347315207
GSM363248,GSE14520,Adjacent_NonTumor,-2.0135889987270583
GSM363249,GSE14520,HCC_Tumor,2.701814913426808
GSM363250,GSE14520,Adjacent_NonTumor,-1.9561200947900566
GSM363251,GSE14520,HCC_Tumor,1.8805981833493108
GSM363252,GSE14520,Adjacent_NonTumor,-1.9841474838821773
GSM363253,GSE14520,Adjacent_NonTumor,-2.121386438283055
GSM363254,GSE14520,Adjacent_NonTumor,-1.8756107854481687
GSM363255,GSE14520,Adjacent_NonTumor,-1.7523704877079036
GSM363256,GSE14520,Adjacent_NonTumor,-1.5541502519564108
GSM363257,GSE14520,Adjacent_NonTumor,-1.8223803236402245
GSM363258,GSE14520,Adjacent_NonTumor,-1.4327856920620186
GSM363259,GSE14520,Adjacent_NonTumor,-1.7350775320654406
GSM363260,GSE14520,Adjacent_NonTumor,-1.6390650659105708
GSM363261,GSE14520,Adjacent_NonTumor,-2.120357494465219
GSM363262,GSE14520,Adjacent_NonTumor,-1.6203043383959925
GSM363263,GSE14520,HCC_Tumor,2.604256006058347
GSM363264,GSE14520,HCC_Tumor,0.5825741377452109
GSM363265,GSE14520,HCC_Tumor,0.9000767137715886
GSM363266,GSE14520,HCC_Tumor,1.977164808898505
GSM363267,GSE14520,HCC_Tumor,1.1695744590969652
GSM363268,GSE14520,HCC_Tumor,2.1218924502953294
GSM363269,GSE14520,HCC_Tumor,1.1810087129015612
GSM363270,GSE14520,HCC_Tumor,2.350395740585019
GSM363271,GSE14520,HCC_Tumor,2.712952002789763
GSM363272,GSE14520,HCC_Tumor,-0.17275768990290416
GSM363273,GSE14520,HCC_Tumor,0.13013583753239538
GSM363274,GSE14520,HCC_Tumor,1.927316065747421
GSM363275,GSE14520,HCC_Tumor,-1.5243966627207355
GSM363276,GSE14520,Adjacent_NonTumor,-1.8369512786758384
GSM363277,GSE14520,Adjacent_NonTumor,-1.9384705083700469
GSM363278,GSE14520,Adjacent_NonTumor,-1.99489023770983
GSM363279,GSE14520,Adjacent_NonTumor,-1.609248507200156
GSM363280,GSE14520,Adjacent_NonTumor,-1.5555513427529897
GSM363281,GSE14520,Adjacent_NonTumor,-1.5711346338246326
GSM363282,GSE14520,Adjacent_NonTumor,-2.1376434315122728
GSM363283,GSE14520,Adjacent_NonTumor,-1.9677673423444444
GSM363284,GSE14520,Adjacent_NonTumor,-2.3587124875555823
GSM363285,GSE14520,Adjacent_NonTumor,-0.822168006796453
GSM363286,GSE14520,Adjacent_NonTumor,-2.280749303465953
GSM363287,GSE14520,Adjacent_NonTumor,-2.152068442550549
GSM363288,GSE14520,HCC_Tumor,0.8223308654387712
GSM363289,GSE14520,HCC_Tumor,1.1412569896323967
GSM363290,GSE14520,HCC_Tumor,1.1194371014063484
GSM363291,GSE14520,HCC_Tumor,1.4677161708989546
GSM363292,GSE14520,HCC_Tumor,2.304101154299316
GSM363293,GSE14520,HCC_Tumor,0.554204103130469
GSM363294,GSE14520,HCC_Tumor,1.5752945078499248
GSM363295,GSE14520,HCC_Tumor,0.36292600544212933
GSM363296,GSE14520,HCC_Tumor,2.580861538327411
GSM363297,GSE14520,HCC_Tumor,1.7355480006098363
GSM363298,GSE14520,HCC_Tumor,1.7129831301324099
GSM363299,GSE14520,Adjacent_NonTumor,-1.7526188947170807
GSM363300,GSE14520,Adjacent_NonTumor,-1.4462612170901439
GSM363301,GSE14520,Adjacent_NonTumor,-2.12789384731525
GSM363302,GSE14520,Adjacent_NonTumor,-1.662463219324186
GSM363303,GSE14520,Adjacent_NonTumor,-1.6552807321850174
GSM363304,GSE14520,Adjacent_NonTumor,-1.7590356823637932
GSM363305,GSE14520,Adjacent_NonTumor,-1.7026653356380042
GSM363306,GSE14520,Adjacent_NonTumor,-1.6591685032605716
GSM363307,GSE14520,Adjacent_NonTumor,-1.3330922844918909
GSM363308,GSE14520,Adjacent_NonTumor,-1.739578679955813
GSM363309,GSE14520,HCC_Tumor,2.496496017464529
GSM363310,GSE14520,HCC_Tumor,2.3586900131081143
GSM363311,GSE14520,HCC_Tumor,2.5702666858310974
GSM363312,GSE14520,HCC_Tumor,0.42241804834240076
GSM363313,GSE14520,HCC_Tumor,0.32464434817208265
GSM363314,GSE14520,HCC_Tumor,1.844953288165383
GSM363315,GSE14520,HCC_Tumor,1.3709989279564114
GSM363316,GSE14520,HCC_Tumor,2.5133339479523737
GSM363317,GSE14520,HCC_Tumor,2.3177858035651075
GSM363318,GSE14520,Adjacent_NonTumor,-1.5595069358842442
GSM363319,GSE14520,Adjacent_NonTumor,-1.2616183861851469
GSM363320,GSE14520,Adjacent_NonTumor,-1.7445113185492445
GSM363321,GSE14520,Adjacent_NonTumor,-2.0448788432431533
GSM363322,GSE14520,Adjacent_NonTumor,-1.5237210789914561
GSM363323,GSE14520,Adjacent_NonTumor,-1.4933108330122322
GSM363324,GSE14520,Adjacent_NonTumor,-1.529108209069074
GSM363325,GSE14520,Adjacent_NonTumor,-1.695178088237693
GSM363326,GSE14520,HCC_Tumor,1.8951201887998446
GSM363327,GSE14520,HCC_Tumor,0.8192024709911165
GSM363328,GSE14520,HCC_Tumor,1.3683295312981545
GSM363329,GSE14520,HCC_Tumor,1.790743467584929
GSM363330,GSE14520,HCC_Tumor,1.849804443690152
GSM363331,GSE14520,HCC_Tumor,2.0284710236115036
GSM363332,GSE14520,HCC_Tumor,3.295764053571797
GSM363333,GSE14520,HCC_Tumor,1.0933690087241859
GSM363334,GSE14520,HCC_Tumor,0.3341910907017044
GSM363335,GSE14520,HCC_Tumor,-1.2338263121614657
GSM363336,GSE14520,HCC_Tumor,0.740455746109274
GSM363337,GSE14520,HCC_Tumor,1.3311016684044377
GSM363338,GSE14520,Adjacent_NonTumor,-1.6384399253036284
GSM363339,GSE14520,HCC_Tumor,1.6620037799753518
GSM363340,GSE14520,Adjacent_NonTumor,-1.0932558998307371
GSM363341,GSE14520,HCC_Tumor,1.9525059578185675
GSM363342,GSE14520,Adjacent_NonTumor,-1.762094981442131
GSM363343,GSE14520,HCC_Tumor,1.3284654944251915
GSM363344,GSE14520,HCC_Tumor,1.5632307125210514
GSM363345,GSE14520,Adjacent_NonTumor,-1.6122965325639589
GSM363346,GSE14520,HCC_Tumor,2.081987268821134
GSM363347,GSE14520,Adjacent_NonTumor,-1.4628448418504634
GSM363348,GSE14520,HCC_Tumor,2.9807731093619
GSM363349,GSE14520,Adjacent_NonTumor,-1.702815696620567
GSM363350,GSE14520,HCC_Tumor,2.841607991084107
GSM363351,GSE14520,Adjacent_NonTumor,-2.031259056515795
GSM363352,GSE14520,HCC_Tumor,0.6105126035563514
GSM363353,GSE14520,Adjacent_NonTumor,-1.7843202273546699
GSM363354,GSE14520,HCC_Tumor,3.10434407224308
GSM363355,GSE14520,HCC_Tumor,1.7338365259904078
GSM363356,GSE14520,Adjacent_NonTumor,-1.7861838979551048
GSM363357,GSE14520,HCC_Tumor,1.8353057653162694
GSM363358,GSE14520,HCC_Tumor,0.7618655081618054
GSM363359,GSE14520,Adjacent_NonTumor,-1.3386954832098374
GSM363360,GSE14520,HCC_Tumor,1.780437440663218
GSM363361,GSE14520,Adjacent_NonTumor,-1.9164753786638853
GSM363362,GSE14520,HCC_Tumor,1.6877428925178712
GSM363363,GSE14520,Adjacent_NonTumor,-1.4445395934673821
GSM363364,GSE14520,HCC_Tumor,0.395977736103706
GSM363365,GSE14520,Adjacent_NonTumor,-1.8966281363198159
GSM363366,GSE14520,HCC_Tumor,0.4365089915719259
GSM363367,GSE14520,Adjacent_NonTumor,-1.6285388646581906
GSM363368,GSE14520,HCC_Tumor,1.052387957040454
GSM363369,GSE14520,Adjacent_NonTumor,-1.7914873651897898
GSM363370,GSE14520,Adjacent_NonTumor,-1.7644151976192755
GSM363371,GSE14520,HCC_Tumor,1.6692712321767331
GSM363372,GSE14520,Adjacent_NonTumor,-1.0463966120735404
GSM363373,GSE14520,Adjacent_NonTumor,-1.9735342993630307
GSM363374,GSE14520,Adjacent_NonTumor,-1.7209866476645028
GSM363375,GSE14520,Adjacent_NonTumor,-1.3594736625540098
GSM363376,GSE14520,HCC_Tumor,1.4532926229716714
GSM363378,GSE14520,HCC_Tumor,1.2912213210792727
GSM363380,GSE14520,Adjacent_NonTumor,-1.6439886725816395
GSM363381,GSE14520,Adjacent_NonTumor,-2.1727805309754826
GSM363382,GSE14520,Adjacent_NonTumor,-2.0438568829471353
GSM363384,GSE14520,HCC_Tumor,2.8280154908365316
GSM363386,GSE14520,HCC_Tumor,1.9019195129982216
GSM363388,GSE14520,HCC_Tumor,0.9380861983661948
GSM363391,GSE14520,HCC_Tumor,1.1736714518087226
GSM363393,GSE14520,HCC_Tumor,0.09200112203674332
GSM363397,GSE14520,Adjacent_NonTumor,-2.175433668780383
GSM363400,GSE14520,HCC_Tumor,2.5258319154551243
GSM363402,GSE14520,Adjacent_NonTumor,-1.966146731170226
GSM363404,GSE14520,HCC_Tumor,0.46860721162182445
GSM363407,GSE14520,Adjacent_NonTumor,-1.5460850571552358
GSM363417,GSE14520,Adjacent_NonTumor,-1.3183980164719824
GSM712532,GSE14520,HCC_Tumor,2.768182690430697
GSM712533,GSE14520,Adjacent_NonTumor,-2.3765688430013885
GSM712534,GSE14520,HCC_Tumor,1.2080260417006363
GSM712535,GSE14520,Adjacent_NonTumor,-2.081494364509874
GSM712536,GSE14520,Adjacent_NonTumor,-1.1226502531672065
GSM712537,GSE14520,Adjacent_NonTumor,-1.6509524710780772
GSM712538,GSE14520,Adjacent_NonTumor,-2.054990127208793
GSM712539,GSE14520,Adjacent_NonTumor,1.6441619127214993
GSM712540,GSE14520,Adjacent_NonTumor,-1.892873574645908
GSM712541,GSE14520,Adjacent_NonTumor,-0.985031877003213
GSM712542,GSE14520,HCC_Tumor,1.763609344822132
0869,GSE126848,Steatosis_NAFL,-0.584337166079759
0872,GSE126848,Steatosis_NAFL,-0.6201300230282052
0873,GSE126848,Steatosis_NAFL,-1.0997207087009238
0874,GSE126848,Steatosis_NAFL,0.15381839957085883
0875,GSE126848,Steatosis_NAFL,-0.3965620873452786
0876,GSE126848,Steatosis_NAFL,-0.7756584349175888
0877,GSE126848,Steatosis_NAFL,-0.5744546433076881
0878,GSE126848,Steatosis_NAFL,-0.3396542954652647
0879,GSE126848,Steatosis_NAFL,-1.4666836927229439
0881,GSE126848,Steatosis_NAFL,-1.7215784308226965
0883,GSE126848,Steatosis_NAFL,-1.5762301740020626
0885,GSE126848,Steatosis_NAFL,-1.6441244111614433
0886,GSE126848,Steatosis_NAFL,-1.1255130545944585
0887,GSE126848,Steatosis_NAFL,-1.364193764580587
0888,GSE126848,Steatosis_NAFL,-1.6462743745870099
0889,GSE126848,NASH_Fibrotic,-1.774986797946351
0890,GSE126848,NASH_Fibrotic,-1.8901669573923745
0891,GSE126848,NASH_Fibrotic,-2.0940475830393055
0892,GSE126848,NASH_Fibrotic,-0.96950164121851
0893,GSE126848,NASH_Fibrotic,-0.29724636504951507
0894,GSE126848,NASH_Fibrotic,-0.6819978571710165
0896,GSE126848,NASH_Fibrotic,-0.9437503085793815
0897,GSE126848,NASH_Fibrotic,-1.84870053506276
0898,GSE126848,NASH_Fibrotic,-0.5190678850949599
0899,GSE126848,NASH_Fibrotic,-0.3587045234498028
0910,GSE126848,NASH_Fibrotic,-0.8859570154673748
2683,GSE126848,NASH_Fibrotic,0.3692772410937677
2684,GSE126848,NASH_Fibrotic,2.161970055681665
2685,GSE126848,NASH_Fibrotic,0.9378061138674728
2687,GSE126848,NASH_Fibrotic,0.4961398625055939
2688,GSE126848,NASH_Fibrotic,2.0413964509252986
2689,GSE126848,Normal_Healthy,1.0443225110665346
2691,GSE126848,Normal_Healthy,1.2858430841124426
2692,GSE126848,Normal_Healthy,0.27061259639815294
2693,GSE126848,Normal_Healthy,-0.16190563369051653
2696,GSE126848,Normal_Healthy,0.8602700905270618
2697,GSE126848,Normal_Healthy,0.7093138695399219
2698,GSE126848,Normal_Healthy,0.4243689014148881
2701,GSE126848,Normal_Healthy,-0.19305049564315296
2703,GSE126848,Normal_Healthy,0.1256481952949346
2704,GSE126848,Normal_Healthy,1.6702415690053656
2705,GSE126848,Normal_Healthy,0.36564837228430447
3992,GSE126848,Normal_Healthy,1.1017622191153453
3993,GSE126848,Normal_Healthy,0.869082790083286
3994,GSE126848,Normal_Healthy,0.3509029346496597
3995,GSE126848,Obese,0.2825759312996463
3996,GSE126848,Obese,1.1282380565052157
3997,GSE126848,Obese,2.705515675226761
3998,GSE126848,Obese,0.7193494738954709
4000,GSE126848,Obese,1.392042049612325
4002,GSE126848,Obese,-0.14219232229149645
4004,GSE126848,Obese,1.4057946688742577
4005,GSE126848,Obese,0.2403784478730277
4006,GSE126848,Obese,1.6558841199041523
4007,GSE126848,Obese,0.9430690758606909
4008,GSE126848,Obese,1.6022928031280834
4010,GSE126848,Obese,0.3828256230963444
GSM616704,GSE25097,Normal_Healthy,-0.3850513499627116
GSM616705,GSE25097,Normal_Healthy,-1.572484768587231
GSM616706,GSE25097,Normal_Healthy,-1.2986234322117702
GSM616707,GSE25097,Normal_Healthy,-1.1628607702762535
GSM616708,GSE25097,Normal_Healthy,-1.5843703443434334
GSM616709,GSE25097,Normal_Healthy,-1.5273547809058616
GSM616710,GSE25097,Cirrhotic,-0.7700990050022415
GSM616711,GSE25097,Cirrhotic,-1.5279405739190592
GSM616712,GSE25097,Cirrhotic,-1.02649400439349
GSM616713,GSE25097,Cirrhotic,-1.8553132529372243
GSM616714,GSE25097,Cirrhotic,-0.7902127847421228
GSM616715,GSE25097,Cirrhotic,-0.6102069524004763
GSM616716,GSE25097,Cirrhotic,-0.4555206542735525
GSM616717,GSE25097,Cirrhotic,0.4022151972131331
GSM616718,GSE25097,Cirrhotic,-0.011169109198684218
GSM616719,GSE25097,Cirrhotic,-1.0365501916691935
GSM616720,GSE25097,Cirrhotic,-0.38316790163610653
GSM616721,GSE25097,Cirrhotic,-1.4647725598899255
GSM616722,GSE25097,Cirrhotic,-0.42363129240811215
GSM616723,GSE25097,Cirrhotic,-0.16917083037021413
GSM616724,GSE25097,Cirrhotic,-0.53520318281269
GSM616725,GSE25097,Cirrhotic,-0.9615603886421795
GSM616726,GSE25097,Cirrhotic,-0.7695363174648235
GSM616727,GSE25097,Cirrhotic,-0.24974841488626226
GSM616728,GSE25097,Cirrhotic,-0.18031973056081974
GSM616729,GSE25097,Cirrhotic,-0.42818808828060106
GSM616730,GSE25097,Cirrhotic,-0.2485807312089156
GSM616731,GSE25097,Cirrhotic,-0.287219102165403
GSM616732,GSE25097,Cirrhotic,-0.5182350886559046
GSM616733,GSE25097,Cirrhotic,-0.5694858591300631
GSM616734,GSE25097,Cirrhotic,0.10248252419135906
GSM616735,GSE25097,Cirrhotic,0.27483956583076324
GSM616736,GSE25097,Cirrhotic,0.02917758287192601
GSM616737,GSE25097,Cirrhotic,-0.4970260514278822
GSM616738,GSE25097,Cirrhotic,-0.18658858979437876
GSM616739,GSE25097,Cirrhotic,-0.5635289039395202
GSM616740,GSE25097,Cirrhotic,-0.5875827313967293
GSM616741,GSE25097,Cirrhotic,-0.42777733345711266
GSM616742,GSE25097,Cirrhotic,-0.7232239293694442
GSM616743,GSE25097,Cirrhotic,-0.8239794057967632
GSM616744,GSE25097,Cirrhotic,-1.062878108520123
GSM616745,GSE25097,Cirrhotic,-0.5250758670561558
GSM616746,GSE25097,Cirrhotic,-0.4667893391751834
GSM616747,GSE25097,Cirrhotic,-0.6140177263424975
GSM616748,GSE25097,Cirrhotic,-0.8112856063667659
GSM616749,GSE25097,Cirrhotic,-0.8587570627805033
GSM616750,GSE25097,Adjacent_NonTumor,-1.9142217002038204
GSM616751,GSE25097,Adjacent_NonTumor,-1.5461332114700648
GSM616752,GSE25097,Adjacent_NonTumor,-1.7794605231832592
GSM616753,GSE25097,Adjacent_NonTumor,-1.9716324386742308
GSM616754,GSE25097,Adjacent_NonTumor,-0.7613728158892061
GSM616755,GSE25097,Adjacent_NonTumor,-2.466710838235721
GSM616756,GSE25097,Adjacent_NonTumor,-2.1058127763322867
GSM616757,GSE25097,Adjacent_NonTumor,-2.110136858645285
GSM616758,GSE25097,Adjacent_NonTumor,-2.230230685942257
GSM616759,GSE25097,Adjacent_NonTumor,-1.900554866204206
GSM616760,GSE25097,Adjacent_NonTumor,-1.0003888617102377
GSM616761,GSE25097,Adjacent_NonTumor,-1.4631756268200005
GSM616762,GSE25097,Adjacent_NonTumor,-1.3776673072778953
GSM616763,GSE25097,Adjacent_NonTumor,-1.4040231778168852
GSM616764,GSE25097,Adjacent_NonTumor,-1.8736268627770292
GSM616765,GSE25097,Adjacent_NonTumor,-0.9313504994436494
GSM616766,GSE25097,Adjacent_NonTumor,-1.0091912027226206
GSM616767,GSE25097,Adjacent_NonTumor,-2.160183732704426
GSM616768,GSE25097,Adjacent_NonTumor,-1.7387924507214323
GSM616769,GSE25097,Adjacent_NonTumor,-1.6783797845212636
GSM616770,GSE25097,Adjacent_NonTumor,-1.4041581756756503
GSM616771,GSE25097,Adjacent_NonTumor,-1.7519195879257112
GSM616772,GSE25097,Adjacent_NonTumor,-1.7269227517513461
GSM616773,GSE25097,Adjacent_NonTumor,-1.746420461008083
GSM616774,GSE25097,Adjacent_NonTumor,-0.985396435933911
GSM616775,GSE25097,Adjacent_NonTumor,-1.9475462918654827
GSM616776,GSE25097,Adjacent_NonTumor,-2.2115661057006237
GSM616777,GSE25097,Adjacent_NonTumor,-1.8918881170751578
GSM616778,GSE25097,Adjacent_NonTumor,-1.5940684392642415
GSM616779,GSE25097,Adjacent_NonTumor,-1.8110675456762888
GSM616780,GSE25097,Adjacent_NonTumor,-0.8599329987128526
GSM616781,GSE25097,Adjacent_NonTumor,-1.3864489702242078
GSM616782,GSE25097,Adjacent_NonTumor,-0.914081816780787
GSM616783,GSE25097,Adjacent_NonTumor,-0.6501670299080451
GSM616784,GSE25097,Adjacent_NonTumor,-2.014710184972002
GSM616785,GSE25097,Adjacent_NonTumor,-1.3805553732618163
GSM616786,GSE25097,Adjacent_NonTumor,-1.6570042415553505
GSM616787,GSE25097,Adjacent_NonTumor,-1.8698543608155735
GSM616788,GSE25097,Adjacent_NonTumor,-1.9693123850179295
GSM616789,GSE25097,Adjacent_NonTumor,-1.2907947334820777
GSM616790,GSE25097,Adjacent_NonTumor,-1.6198300944463964
GSM616791,GSE25097,Adjacent_NonTumor,-1.4674467876172435
GSM616792,GSE25097,Adjacent_NonTumor,-1.0751885489182507
GSM616793,GSE25097,Adjacent_NonTumor,-2.1392770477628638
GSM616794,GSE25097,Adjacent_NonTumor,-1.7145429433515
GSM616795,GSE25097,Adjacent_NonTumor,-1.6568581049064246
GSM616796,GSE25097,Adjacent_NonTumor,-1.4801924692398507
GSM616797,GSE25097,Adjacent_NonTumor,-1.0523851291891329
GSM616798,GSE25097,Adjacent_NonTumor,-1.293813414020887
GSM616799,GSE25097,Adjacent_NonTumor,-2.3493306015285205
GSM616800,GSE25097,Adjacent_NonTumor,-2.0396183348767347
GSM616801,GSE25097,Adjacent_NonTumor,-1.4317490605775554
GSM616802,GSE25097,Adjacent_NonTumor,-1.1544202053447812
GSM616803,GSE25097,Adjacent_NonTumor,-2.492250641817183
GSM616804,GSE25097,Adjacent_NonTumor,-1.0487042290555828
GSM616805,GSE25097,Adjacent_NonTumor,-1.336083114790042
GSM616806,GSE25097,Adjacent_NonTumor,-1.3628778536592174
GSM616807,GSE25097,Adjacent_NonTumor,-1.4207633503105805
GSM616808,GSE25097,Adjacent_NonTumor,-1.659163850678099
GSM616809,GSE25097,Adjacent_NonTumor,-1.8887535384280507
GSM616810,GSE25097,Adjacent_NonTumor,-1.9951728269998696
GSM616811,GSE25097,Adjacent_NonTumor,-1.4972077644029405
GSM616812,GSE25097,Adjacent_NonTumor,-2.2519803539387597
GSM616813,GSE25097,Adjacent_NonTumor,-1.6473818563292282
GSM616814,GSE25097,Adjacent_NonTumor,-1.5025007392555576
GSM616815,GSE25097,Adjacent_NonTumor,-2.0605056715163013
GSM616816,GSE25097,Adjacent_NonTumor,-1.1530886765121173
GSM616817,GSE25097,Adjacent_NonTumor,-1.943565304475878
GSM616818,GSE25097,Adjacent_NonTumor,-1.8800227923163586
GSM616819,GSE25097,Adjacent_NonTumor,-1.8103761059247567
GSM616820,GSE25097,Adjacent_NonTumor,-1.7610870278506905
GSM616821,GSE25097,Adjacent_NonTumor,-1.9419430993547309
GSM616822,GSE25097,Adjacent_NonTumor,-1.3272304184846593
GSM616823,GSE25097,Adjacent_NonTumor,-1.1829142499605352
GSM616824,GSE25097,Adjacent_NonTumor,-1.6933532573542964
GSM616825,GSE25097,Adjacent_NonTumor,-1.5603566221203584
GSM616826,GSE25097,Adjacent_NonTumor,-1.5114148940879963
GSM616827,GSE25097,Adjacent_NonTumor,-1.3680292603955249
GSM616828,GSE25097,Adjacent_NonTumor,-2.4572465853853664
GSM616829,GSE25097,Adjacent_NonTumor,-2.5521580766940986
GSM616830,GSE25097,Adjacent_NonTumor,-1.3471113644692148
GSM616831,GSE25097,Adjacent_NonTumor,-1.7068981189312826
GSM616832,GSE25097,Adjacent_NonTumor,-1.4673924433359484
GSM616833,GSE25097,Adjacent_NonTumor,-1.5054967436227713
GSM616834,GSE25097,Adjacent_NonTumor,-1.8533035654512562
GSM616835,GSE25097,Adjacent_NonTumor,-1.6576739769703543
GSM616836,GSE25097,Adjacent_NonTumor,-1.756549228341996
GSM616837,GSE25097,Adjacent_NonTumor,-1.6699067571298258
GSM616838,GSE25097,Adjacent_NonTumor,-1.7094949100078503
GSM616839,GSE25097,Adjacent_NonTumor,-1.075576811414369
GSM616840,GSE25097,Adjacent_NonTumor,-1.777920557309168
GSM616841,GSE25097,Adjacent_NonTumor,-0.8307980364657741
GSM616842,GSE25097,Adjacent_NonTumor,-1.2092788864485131
GSM616843,GSE25097,Adjacent_NonTumor,-1.5751526751462044
GSM616844,GSE25097,Adjacent_NonTumor,-1.6282042486169912
GSM616845,GSE25097,Adjacent_NonTumor,-1.5785481402326411
GSM616846,GSE25097,Adjacent_NonTumor,-1.8063136498274037
GSM616847,GSE25097,Adjacent_NonTumor,-1.7013817091064942
GSM616848,GSE25097,Adjacent_NonTumor,-0.910683752357736
GSM616849,GSE25097,Adjacent_NonTumor,-1.3931827010955304
GSM616850,GSE25097,Adjacent_NonTumor,-1.8694446604553214
GSM616851,GSE25097,Adjacent_NonTumor,-1.3309312707655168
GSM616852,GSE25097,Adjacent_NonTumor,-1.3987565584551562
GSM616853,GSE25097,Adjacent_NonTumor,-1.3317445281901799
GSM616854,GSE25097,Adjacent_NonTumor,-1.6440379159832608
GSM616855,GSE25097,Adjacent_NonTumor,-1.7872255002613304
GSM616856,GSE25097,Adjacent_NonTumor,-2.3592540297205598
GSM616857,GSE25097,Adjacent_NonTumor,-1.7421317061182227
GSM616858,GSE25097,Adjacent_NonTumor,-2.144638925127623
GSM616859,GSE25097,Adjacent_NonTumor,-1.8291249706627783
GSM616860,GSE25097,Adjacent_NonTumor,-2.1669698036901375
GSM616861,GSE25097,Adjacent_NonTumor,-1.6093909153543757
GSM616862,GSE25097,Adjacent_NonTumor,-1.6881106238889252
GSM616863,GSE25097,Adjacent_NonTumor,-1.8366555410507335
GSM616864,GSE25097,Adjacent_NonTumor,-1.6769702275862577
GSM616865,GSE25097,Adjacent_NonTumor,-1.3487096926330648
GSM616866,GSE25097,Adjacent_NonTumor,-2.3371029083782586
GSM616867,GSE25097,Adjacent_NonTumor,-2.827883622280457
GSM616868,GSE25097,Adjacent_NonTumor,-1.9608459433803895
GSM616869,GSE25097,Adjacent_NonTumor,-2.7561411390895563
GSM616870,GSE25097,Adjacent_NonTumor,-2.277788532671843
GSM616871,GSE25097,Adjacent_NonTumor,-1.2307909059441289
GSM616872,GSE25097,Adjacent_NonTumor,-2.1037384604860905
GSM616873,GSE25097,Adjacent_NonTumor,-1.9296454273281631
GSM616874,GSE25097,Adjacent_NonTumor,-2.2467704070597776
GSM616875,GSE25097,Adjacent_NonTumor,-1.6512439263418002
GSM616876,GSE25097,Adjacent_NonTumor,-1.4168025110516578
GSM616877,GSE25097,Adjacent_NonTumor,-1.0930023049541748
GSM616878,GSE25097,Adjacent_NonTumor,-1.3578525433902455
GSM616879,GSE25097,Adjacent_NonTumor,-0.889691440153025
GSM616880,GSE25097,Adjacent_NonTumor,-1.3049533326355718
GSM616881,GSE25097,Adjacent_NonTumor,-1.016992782402717
GSM616882,GSE25097,Adjacent_NonTumor,-1.8106883883151634
GSM616883,GSE25097,Adjacent_NonTumor,-1.9270659591642123
GSM616884,GSE25097,Adjacent_NonTumor,-1.9091257920913274
GSM616885,GSE25097,Adjacent_NonTumor,-1.491149486848999
GSM616886,GSE25097,Adjacent_NonTumor,-1.4239563476618031
GSM616887,GSE25097,Adjacent_NonTumor,-1.6645323974164783
GSM616888,GSE25097,Adjacent_NonTumor,-1.3741957847047996
GSM616889,GSE25097,Adjacent_NonTumor,-1.0175480778205368
GSM616890,GSE25097,Adjacent_NonTumor,-1.2598130654462285
GSM616891,GSE25097,Adjacent_NonTumor,-1.8902630596745664
GSM616892,GSE25097,Adjacent_NonTumor,-1.533798332993606
GSM616893,GSE25097,Adjacent_NonTumor,-2.1377179393106553
GSM616894,GSE25097,Adjacent_NonTumor,-1.1723587344901152
GSM616895,GSE25097,Adjacent_NonTumor,-1.240894493950428
GSM616896,GSE25097,Adjacent_NonTumor,-1.410631554543559
GSM616897,GSE25097,Adjacent_NonTumor,-1.6922991077942622
GSM616898,GSE25097,Adjacent_NonTumor,-1.5370151594382604
GSM616899,GSE25097,Adjacent_NonTumor,-1.2389655959444061
GSM616900,GSE25097,Adjacent_NonTumor,-1.5586159148726222
GSM616901,GSE25097,Adjacent_NonTumor,-2.0205080498986288
GSM616902,GSE25097,Adjacent_NonTumor,-1.2593860101013274
GSM616903,GSE25097,Adjacent_NonTumor,-1.833285878310845
GSM616904,GSE25097,Adjacent_NonTumor,-1.1598749480379993
GSM616905,GSE25097,Adjacent_NonTumor,-1.4793955550196791
GSM616906,GSE25097,Adjacent_NonTumor,-2.5137344816150735
GSM616907,GSE25097,Adjacent_NonTumor,-1.8082665365633497
GSM616908,GSE25097,Adjacent_NonTumor,-1.6235908857354389
GSM616909,GSE25097,Adjacent_NonTumor,-1.7274143303596103
GSM616910,GSE25097,Adjacent_NonTumor,-0.7455961619582965
GSM616911,GSE25097,Adjacent_NonTumor,-1.7716811536935984
GSM616912,GSE25097,Adjacent_NonTumor,-1.614547550478798
GSM616913,GSE25097,Adjacent_NonTumor,-1.8848869790301008
GSM616914,GSE25097,Adjacent_NonTumor,-1.0336820003124627
GSM616915,GSE25097,Adjacent_NonTumor,-1.561414193753964
GSM616916,GSE25097,Adjacent_NonTumor,-1.2867189214236077
GSM616917,GSE25097,Adjacent_NonTumor,-1.8793068489981866
GSM616918,GSE25097,Adjacent_NonTumor,-1.4710649101561677
GSM616919,GSE25097,Adjacent_NonTumor,-1.3887132785896972
GSM616920,GSE25097,Adjacent_NonTumor,-1.7835604793857947
GSM616921,GSE25097,Adjacent_NonTumor,-0.9708930108294367
GSM616922,GSE25097,Adjacent_NonTumor,-1.6803294352128728
GSM616923,GSE25097,Adjacent_NonTumor,-1.3475233076480453
GSM616924,GSE25097,Adjacent_NonTumor,-2.0235616626262276
GSM616925,GSE25097,Adjacent_NonTumor,-0.9819588548986504
GSM616926,GSE25097,Adjacent_NonTumor,-1.1612874075277262
GSM616927,GSE25097,Adjacent_NonTumor,-0.488282987050745
GSM616928,GSE25097,Adjacent_NonTumor,-1.4902052307510272
GSM616929,GSE25097,Adjacent_NonTumor,-1.2765199503375029
GSM616930,GSE25097,Adjacent_NonTumor,-1.566746202782179
GSM616931,GSE25097,Adjacent_NonTumor,-1.395800975838278
GSM616932,GSE25097,Adjacent_NonTumor,-1.7147281932770246
GSM616933,GSE25097,Adjacent_NonTumor,-1.1146574809195489
GSM616934,GSE25097,Adjacent_NonTumor,-1.451041954664949
GSM616935,GSE25097,Adjacent_NonTumor,-0.6415756735472727
GSM616936,GSE25097,Adjacent_NonTumor,-1.483381303566821
GSM616937,GSE25097,Adjacent_NonTumor,-1.6310393150260756
GSM616938,GSE25097,Adjacent_NonTumor,-1.6397139251856636
GSM616939,GSE25097,Adjacent_NonTumor,-1.1053150434528987
GSM616940,GSE25097,Adjacent_NonTumor,-2.060344905686028
GSM616941,GSE25097,Adjacent_NonTumor,-1.5163634691427186
GSM616942,GSE25097,Adjacent_NonTumor,-1.5522144398021585
GSM616943,GSE25097,Adjacent_NonTumor,-0.9175838664985954
GSM616944,GSE25097,Adjacent_NonTumor,-1.8505247043290103
GSM616945,GSE25097,Adjacent_NonTumor,-1.8741687156621156
GSM616947,GSE25097,Adjacent_NonTumor,-0.13888951898909008
GSM616948,GSE25097,Adjacent_NonTumor,-0.7630409005875565
GSM616950,GSE25097,Adjacent_NonTumor,-1.7412693682770986
GSM616952,GSE25097,Adjacent_NonTumor,-1.4232940967331738
GSM616953,GSE25097,Adjacent_NonTumor,-1.7252285130448568
GSM616955,GSE25097,Adjacent_NonTumor,-2.151666371862169
GSM616957,GSE25097,Adjacent_NonTumor,-1.4552656950748384
GSM616959,GSE25097,Adjacent_NonTumor,-0.910860927221664
GSM616961,GSE25097,Adjacent_NonTumor,-0.8349717027226854
GSM616963,GSE25097,Adjacent_NonTumor,-1.1412427697639431
GSM616965,GSE25097,Adjacent_NonTumor,-1.1170900674930153
GSM616966,GSE25097,Adjacent_NonTumor,-1.4187390122072072
GSM616968,GSE25097,Adjacent_NonTumor,-1.2853191346899326
GSM616970,GSE25097,Adjacent_NonTumor,-1.1219976401819363
GSM616972,GSE25097,Adjacent_NonTumor,-1.2204405221879113
GSM616973,GSE25097,Adjacent_NonTumor,-1.3287389234445732
GSM616975,GSE25097,Adjacent_NonTumor,-0.9936924052799687
GSM616977,GSE25097,Adjacent_NonTumor,-0.82387735673284
GSM616978,GSE25097,Adjacent_NonTumor,-0.9942591315045735
GSM616980,GSE25097,Adjacent_NonTumor,-1.3960920571779822
GSM616982,GSE25097,Adjacent_NonTumor,-0.9696534313995446
GSM616984,GSE25097,Adjacent_NonTumor,-0.4637917008599277
GSM616986,GSE25097,Adjacent_NonTumor,-1.6830914304632025
GSM616987,GSE25097,Adjacent_NonTumor,-0.9149795458374124
GSM616989,GSE25097,Adjacent_NonTumor,-0.4149241169780116
GSM616990,GSE25097,Adjacent_NonTumor,-0.8616385313867222
GSM616992,GSE25097,Adjacent_NonTumor,-0.4597311223799914
GSM616994,GSE25097,Adjacent_NonTumor,-1.7687593605770568
GSM616995,GSE25097,Adjacent_NonTumor,-2.3840737434165944
GSM616996,GSE25097,Adjacent_NonTumor,-1.1646363252301575
GSM616997,GSE25097,Adjacent_NonTumor,-1.1494056305161935
GSM616998,GSE25097,Adjacent_NonTumor,-1.5206694485016987
GSM616999,GSE25097,Adjacent_NonTumor,-1.4382628951696286
GSM617000,GSE25097,Adjacent_NonTumor,-1.1594640970176868
GSM617001,GSE25097,Adjacent_NonTumor,-1.3578503085669489
GSM617002,GSE25097,Adjacent_NonTumor,-2.5896938921966575
GSM617003,GSE25097,Adjacent_NonTumor,-2.922288071760496
GSM617004,GSE25097,Adjacent_NonTumor,-2.3123466289348777
GSM617005,GSE25097,Adjacent_NonTumor,-1.6895174133481277
GSM617006,GSE25097,Adjacent_NonTumor,-1.8030634542229371
GSM617007,GSE25097,Adjacent_NonTumor,0.4304021332200228
GSM617008,GSE25097,Adjacent_NonTumor,-0.951326326023656
GSM617009,GSE25097,Adjacent_NonTumor,-1.2189706463900922
GSM617010,GSE25097,Adjacent_NonTumor,-0.4635631021022947
GSM617011,GSE25097,Adjacent_NonTumor,-0.2684004468069693
GSM617012,GSE25097,Adjacent_NonTumor,-1.0181191905761693
GSM617013,GSE25097,Adjacent_NonTumor,-0.43898887437324297
GSM617304,GSE25097,HCC_Tumor,2.1040434654899016
GSM617305,GSE25097,HCC_Tumor,2.7490155369510982
GSM617306,GSE25097,HCC_Tumor,1.2569526942541294
GSM617307,GSE25097,HCC_Tumor,2.442576772145341
GSM617308,GSE25097,HCC_Tumor,1.3163359762459157
GSM617309,GSE25097,HCC_Tumor,2.2194753532294915
GSM617310,GSE25097,HCC_Tumor,0.4839539665437038
GSM617311,GSE25097,HCC_Tumor,2.109781547969091
GSM617312,GSE25097,HCC_Tumor,1.437970731145441
GSM617313,GSE25097,HCC_Tumor,1.8162046630810555
GSM617314,GSE25097,HCC_Tumor,1.55216608249442
GSM617315,GSE25097,HCC_Tumor,1.0645952436462747
GSM617316,GSE25097,HCC_Tumor,-1.1642305090834977
GSM617317,GSE25097,HCC_Tumor,0.2472285743870064
GSM617318,GSE25097,HCC_Tumor,0.6216750681517651
GSM617319,GSE25097,HCC_Tumor,0.6171512044727634
GSM617320,GSE25097,HCC_Tumor,0.1313999707584141
GSM617321,GSE25097,HCC_Tumor,0.9112950236497165
GSM617322,GSE25097,HCC_Tumor,0.9580641966192411
GSM617323,GSE25097,HCC_Tumor,-0.06051784989953013
GSM617324,GSE25097,HCC_Tumor,2.167175968130734
GSM617325,GSE25097,HCC_Tumor,1.0639858295201117
GSM617326,GSE25097,HCC_Tumor,1.4172888974500326
GSM617327,GSE25097,HCC_Tumor,0.24627877286066144
GSM617328,GSE25097,HCC_Tumor,0.528651004458633
GSM617329,GSE25097,HCC_Tumor,0.45395785013761775
GSM617330,GSE25097,HCC_Tumor,-0.11369130524470156
GSM617331,GSE25097,HCC_Tumor,-0.04222543140395693
GSM617332,GSE25097,HCC_Tumor,1.161472513875048
GSM617333,GSE25097,HCC_Tumor,0.4082200982972197
GSM617334,GSE25097,HCC_Tumor,0.7521950018365222
GSM617335,GSE25097,HCC_Tumor,1.8378594338751615
GSM617336,GSE25097,HCC_Tumor,2.9762015310708527
GSM617337,GSE25097,HCC_Tumor,1.2307154109810794
GSM617338,GSE25097,HCC_Tumor,2.174173387810675
GSM617339,GSE25097,HCC_Tumor,-0.46565947491495113
GSM617340,GSE25097,HCC_Tumor,2.566954742092087
GSM617341,GSE25097,HCC_Tumor,1.3980585935210943
GSM617342,GSE25097,HCC_Tumor,2.0108166820628726
GSM617343,GSE25097,HCC_Tumor,2.1826914267925632
GSM617344,GSE25097,HCC_Tumor,1.2058350435955563
GSM617345,GSE25097,HCC_Tumor,2.615206603208477
GSM617346,GSE25097,HCC_Tumor,2.570954324238524
GSM617347,GSE25097,HCC_Tumor,2.1873978045958067
GSM617348,GSE25097,HCC_Tumor,0.7977377395491221
GSM617349,GSE25097,HCC_Tumor,1.6164420727702358
GSM617350,GSE25097,HCC_Tumor,1.4099117694690217
GSM617351,GSE25097,HCC_Tumor,2.6021576407511287
GSM617352,GSE25097,HCC_Tumor,1.8782459922569723
GSM617353,GSE25097,HCC_Tumor,1.6981496419951219
GSM617354,GSE25097,HCC_Tumor,1.64406137528658
GSM617355,GSE25097,HCC_Tumor,0.43240924933301955
GSM617356,GSE25097,HCC_Tumor,1.0388458339677642
GSM617357,GSE25097,HCC_Tumor,0.6277314583884521
GSM617358,GSE25097,HCC_Tumor,0.5232648920111453
GSM617359,GSE25097,HCC_Tumor,1.2941101479295725
GSM617360,GSE25097,HCC_Tumor,1.5487955146814905
GSM617361,GSE25097,HCC_Tumor,0.21488112508815005
GSM617362,GSE25097,HCC_Tumor,1.7006300591912038
GSM617363,GSE25097,HCC_Tumor,1.9339311832651065
GSM617364,GSE25097,HCC_Tumor,0.9303718785077082
GSM617365,GSE25097,HCC_Tumor,1.356437235165721
GSM617366,GSE25097,HCC_Tumor,1.3429296575163903
GSM617367,GSE25097,HCC_Tumor,1.4579791159526994
GSM617368,GSE25097,HCC_Tumor,1.3614904252290825
GSM617369,GSE25097,HCC_Tumor,1.053295377033534
GSM617370,GSE25097,HCC_Tumor,1.088554607413672
GSM617371,GSE25097,HCC_Tumor,0.4707702586127818
GSM617372,GSE25097,HCC_Tumor,1.1010483858876337
GSM617373,GSE25097,HCC_Tumor,2.9190948166356074
GSM617374,GSE25097,HCC_Tumor,0.20702904501220026
GSM617375,GSE25097,HCC_Tumor,1.9775746879479932
GSM617376,GSE25097,HCC_Tumor,1.3945046561605494
GSM617377,GSE25097,HCC_Tumor,2.1924401786801706
GSM617378,GSE25097,HCC_Tumor,1.755154908770029
GSM617379,GSE25097,HCC_Tumor,0.9811037664540943
GSM617380,GSE25097,HCC_Tumor,1.8676581617256627
GSM617381,GSE25097,HCC_Tumor,0.7477520107620519
GSM617382,GSE25097,HCC_Tumor,0.7746624355161896
GSM617383,GSE25097,HCC_Tumor,0.6643239850355218
GSM617384,GSE25097,HCC_Tumor,3.070497279199296
GSM617385,GSE25097,HCC_Tumor,2.3236248477541763
GSM617386,GSE25097,HCC_Tumor,2.493827946207549
GSM617387,GSE25097,HCC_Tumor,2.439538794412379
GSM617388,GSE25097,HCC_Tumor,0.44754635255069675
GSM617389,GSE25097,HCC_Tumor,0.20959002821780834
GSM617390,GSE25097,HCC_Tumor,0.5044765292108757
GSM617391,GSE25097,HCC_Tumor,0.39845672372129937
GSM617392,GSE25097,HCC_Tumor,1.9892406476646114
GSM617393,GSE25097,HCC_Tumor,2.354940797713718
GSM617394,GSE25097,HCC_Tumor,0.61956299812889
GSM617395,GSE25097,HCC_Tumor,2.5399229781617256
GSM617396,GSE25097,HCC_Tumor,2.656283765573262
GSM617397,GSE25097,HCC_Tumor,1.216087860531748
GSM617398,GSE25097,HCC_Tumor,1.253545898269749
GSM617399,GSE25097,HCC_Tumor,0.3474772615776839
GSM617400,GSE25097,HCC_Tumor,2.917593214971536
GSM617401,GSE25097,HCC_Tumor,0.6798476596293436
GSM617402,GSE25097,HCC_Tumor,2.32650938130787
GSM617403,GSE25097,HCC_Tumor,1.0791326106040566
GSM617404,GSE25097,HCC_Tumor,2.6934067743784436
GSM617405,GSE25097,HCC_Tumor,2.781807934587924
GSM617406,GSE25097,HCC_Tumor,0.9003122330112621
GSM617407,GSE25097,HCC_Tumor,2.0541056244369615
GSM617408,GSE25097,HCC_Tumor,0.8532437093471463
GSM617409,GSE25097,HCC_Tumor,0.9415598991244892
GSM617410,GSE25097,HCC_Tumor,2.3967988579866693
GSM617411,GSE25097,HCC_Tumor,4.551019324078842
GSM617412,GSE25097,HCC_Tumor,2.8352352946115396
GSM617413,GSE25097,HCC_Tumor,3.1196221186934285
GSM617414,GSE25097,HCC_Tumor,1.1889540289955047
GSM617415,GSE25097,HCC_Tumor,1.3808517795959283
GSM617416,GSE25097,HCC_Tumor,1.1184799427751682
GSM617417,GSE25097,HCC_Tumor,0.6559364781251306
GSM617418,GSE25097,HCC_Tumor,4.236190721666689
GSM617419,GSE25097,HCC_Tumor,3.410047725708803
GSM617420,GSE25097,HCC_Tumor,1.5812753917536213
GSM617421,GSE25097,HCC_Tumor,0.23183397261391425
GSM617422,GSE25097,HCC_Tumor,0.9407789443851722
GSM617423,GSE25097,HCC_Tumor,2.2942388996730365
GSM617424,GSE25097,HCC_Tumor,2.86526056149872
GSM617425,GSE25097,HCC_Tumor,0.49496098083382667
GSM617426,GSE25097,HCC_Tumor,1.7362671225395978
GSM617427,GSE25097,HCC_Tumor,2.882062297679579
GSM617428,GSE25097,HCC_Tumor,0.6898931348443689
GSM617429,GSE25097,HCC_Tumor,1.4396718955411887
GSM617430,GSE25097,HCC_Tumor,1.4081831943255503
GSM617431,GSE25097,HCC_Tumor,1.498027802855849
GSM617432,GSE25097,HCC_Tumor,0.41083221248370216
GSM617433,GSE25097,HCC_Tumor,1.1212893738748368
GSM617434,GSE25097,HCC_Tumor,1.5145662395476494
GSM617435,GSE25097,HCC_Tumor,0.8210146985795845
GSM617436,GSE25097,HCC_Tumor,0.692889093642423
GSM617437,GSE25097,HCC_Tumor,2.33421770571116
GSM617438,GSE25097,HCC_Tumor,1.8538893281363014
GSM617439,GSE25097,HCC_Tumor,0.7588667294721722
GSM617440,GSE25097,HCC_Tumor,2.223153087539134
GSM617441,GSE25097,HCC_Tumor,1.815262203708335
GSM617442,GSE25097,HCC_Tumor,1.8150236280498655
GSM617443,GSE25097,HCC_Tumor,3.0976918175553103
GSM617444,GSE25097,HCC_Tumor,0.5094484625588961
GSM617445,GSE25097,HCC_Tumor,0.6640829399415713
GSM617446,GSE25097,HCC_Tumor,0.4211238501360613
GSM617447,GSE25097,HCC_Tumor,0.2684135562664487
GSM617448,GSE25097,HCC_Tumor,3.159246335611802
GSM617449,GSE25097,HCC_Tumor,2.511496511488951
GSM617450,GSE25097,HCC_Tumor,1.79518914264594
GSM617451,GSE25097,HCC_Tumor,1.7480799201917887
GSM617452,GSE25097,HCC_Tumor,1.1371419815534969
GSM617453,GSE25097,HCC_Tumor,1.0755243620855495
GSM617454,GSE25097,HCC_Tumor,1.9292068149774888
GSM617455,GSE25097,HCC_Tumor,0.3072749656262145
GSM617456,GSE25097,HCC_Tumor,2.0447260696039433
GSM617457,GSE25097,HCC_Tumor,1.1089400017823672
GSM617458,GSE25097,HCC_Tumor,0.9270230676549306
GSM617459,GSE25097,HCC_Tumor,-0.3619732293079324
GSM617460,GSE25097,HCC_Tumor,2.324325955324956
GSM617461,GSE25097,HCC_Tumor,0.1599477009328824
GSM617462,GSE25097,HCC_Tumor,2.6490801609941834
GSM617463,GSE25097,HCC_Tumor,2.5709651608951676
GSM617464,GSE25097,HCC_Tumor,3.0271053549430897
GSM617465,GSE25097,HCC_Tumor,3.6006868749975727
GSM617466,GSE25097,HCC_Tumor,0.35845813734926085
GSM617467,GSE25097,HCC_Tumor,2.6385587531679953
GSM617468,GSE25097,HCC_Tumor,2.4018412328261327
GSM617469,GSE25097,HCC_Tumor,0.3722392452921221
GSM617470,GSE25097,HCC_Tumor,2.6999082724315606
GSM617471,GSE25097,HCC_Tumor,1.7655579513635418
GSM617472,GSE25097,HCC_Tumor,2.682826199039735
GSM617473,GSE25097,HCC_Tumor,1.86348293903084
GSM617474,GSE25097,HCC_Tumor,2.7490078790541386
GSM617475,GSE25097,HCC_Tumor,1.8302674098336253
GSM617476,GSE25097,HCC_Tumor,1.0338441011280057
GSM617477,GSE25097,HCC_Tumor,1.516484400582891
GSM617478,GSE25097,HCC_Tumor,2.7925219141014175
GSM617479,GSE25097,HCC_Tumor,0.25140511305689217
GSM617480,GSE25097,HCC_Tumor,1.4857793329774975
GSM617481,GSE25097,HCC_Tumor,1.004931528605331
GSM617482,GSE25097,HCC_Tumor,2.359741482177498
GSM617483,GSE25097,HCC_Tumor,2.694023203382071
GSM617484,GSE25097,HCC_Tumor,2.9406689877358643
GSM617485,GSE25097,HCC_Tumor,2.5936913340907095
GSM617486,GSE25097,HCC_Tumor,1.7043999273581638
GSM617487,GSE25097,HCC_Tumor,1.4227860700398165
GSM617488,GSE25097,HCC_Tumor,0.978602320749497
GSM617489,GSE25097,HCC_Tumor,0.2507641074470122
GSM617490,GSE25097,HCC_Tumor,1.96246529688139
GSM617491,GSE25097,HCC_Tumor,0.6952331159916124
GSM617492,GSE25097,HCC_Tumor,0.6116151047986593
GSM617493,GSE25097,HCC_Tumor,2.9629389409373568
GSM617494,GSE25097,HCC_Tumor,1.7210326946741485
GSM617495,GSE25097,HCC_Tumor,2.7948725912341157
GSM617496,GSE25097,HCC_Tumor,0.6937894976301205
GSM617497,GSE25097,HCC_Tumor,2.696907601186953
GSM617498,GSE25097,HCC_Tumor,0.49487813487390087
GSM617499,GSE25097,HCC_Tumor,1.0922064173748598
GSM617500,GSE25097,HCC_Tumor,0.1294981481034554
GSM617501,GSE25097,HCC_Tumor,0.6737735434723708
GSM617502,GSE25097,HCC_Tumor,2.8442153641868764
GSM617503,GSE25097,HCC_Tumor,1.8147845128389797
GSM617504,GSE25097,HCC_Tumor,2.046846017730809
GSM617505,GSE25097,HCC_Tumor,0.11426881032346647
GSM617506,GSE25097,HCC_Tumor,1.808222965934962
GSM617507,GSE25097,HCC_Tumor,4.52601329658364
GSM617508,GSE25097,HCC_Tumor,0.6834298316637825
GSM617509,GSE25097,HCC_Tumor,2.6900975047561086
GSM617510,GSE25097,HCC_Tumor,0.15873242138283272
GSM617511,GSE25097,HCC_Tumor,0.22068270069532248
GSM617512,GSE25097,HCC_Tumor,2.4260138242212075
GSM617513,GSE25097,HCC_Tumor,1.4733726751630418
GSM617514,GSE25097,HCC_Tumor,1.2433440771319708
GSM617515,GSE25097,HCC_Tumor,2.750995545827321
GSM617516,GSE25097,HCC_Tumor,0.20925874664931465
GSM617517,GSE25097,HCC_Tumor,1.4512746028512522
GSM617518,GSE25097,HCC_Tumor,0.6332731436812135
GSM617519,GSE25097,HCC_Tumor,2.6276458420568307
GSM617520,GSE25097,HCC_Tumor,0.7746803228740191
GSM617521,GSE25097,HCC_Tumor,1.3597956959399844
GSM617522,GSE25097,HCC_Tumor,0.6222963284830516
GSM617523,GSE25097,HCC_Tumor,0.6305471889845851
GSM617524,GSE25097,HCC_Tumor,1.3691174640382273
GSM617525,GSE25097,HCC_Tumor,1.9229923578098438
GSM617526,GSE25097,HCC_Tumor,-0.06832165214561825
GSM617527,GSE25097,HCC_Tumor,1.913210940109793
GSM617528,GSE25097,HCC_Tumor,0.2533361206033949
GSM617529,GSE25097,HCC_Tumor,0.5364892426302357
GSM617530,GSE25097,HCC_Tumor,0.7030680506132163
GSM617531,GSE25097,HCC_Tumor,0.9808639044726712
GSM617532,GSE25097,HCC_Tumor,1.253873647763447
GSM617533,GSE25097,HCC_Tumor,1.758671259522361
GSM617534,GSE25097,HCC_Tumor,2.3881872394693557
GSM617535,GSE25097,HCC_Tumor,0.6608973403976067
GSM617536,GSE25097,HCC_Tumor,1.755481799503103
GSM617537,GSE25097,HCC_Tumor,2.7840290281483155
GSM617538,GSE25097,HCC_Tumor,1.7922737612719963
GSM617539,GSE25097,HCC_Tumor,0.8202617462077676
GSM617540,GSE25097,HCC_Tumor,1.8433184404794396
GSM617541,GSE25097,HCC_Tumor,2.103546924963244
GSM617542,GSE25097,HCC_Tumor,1.4151724530065786
GSM617543,GSE25097,HCC_Tumor,1.068855232784441
GSM617544,GSE25097,HCC_Tumor,0.3948627563247403
GSM617545,GSE25097,HCC_Tumor,3.854478346936153
GSM617546,GSE25097,HCC_Tumor,0.9432073366125613
GSM617547,GSE25097,HCC_Tumor,1.5584084121153943
GSM617548,GSE25097,HCC_Tumor,-0.03155487657396144
GSM617549,GSE25097,HCC_Tumor,1.1938204681836386
GSM617550,GSE25097,HCC_Tumor,1.8862051294479922
GSM617551,GSE25097,HCC_Tumor,0.9416475151294733
GSM617552,GSE25097,HCC_Tumor,1.889575860806334
GSM617553,GSE25097,HCC_Tumor,1.4071678449345004
GSM617554,GSE25097,HCC_Tumor,1.399363239709227
GSM617555,GSE25097,HCC_Tumor,0.45916573039080677
GSM617556,GSE25097,HCC_Tumor,1.780334153089614
GSM617557,GSE25097,HCC_Tumor,0.42544922331227736
GSM617558,GSE25097,HCC_Tumor,2.5024274430311326
GSM617559,GSE25097,HCC_Tumor,3.6500965208380607
GSM617560,GSE25097,HCC_Tumor,3.2443009425010323
GSM617561,GSE25097,HCC_Tumor,1.5571475015410732
GSM617562,GSE25097,HCC_Tumor,1.2298348861766604
GSM617563,GSE25097,HCC_Tumor,2.640642487458123
GSM617564,GSE25097,HCC_Tumor,1.025062571070972
GSM617565,GSE25097,HCC_Tumor,-0.22113838214549472
GSM617566,GSE25097,HCC_Tumor,0.646490664114189
GSM617567,GSE25097,HCC_Tumor,1.7487824645973205
GSM617568,GSE25097,HCC_Tumor,3.3733940635096307
GSM617569,GSE25097,HCC_Tumor,0.34497143090748417
GSM617570,GSE25097,HCC_Tumor,1.4116738504662232
GSM617571,GSE25097,HCC_Tumor,1.1719825455554624
GSM3998167,GSE135251,NASH_Fibrotic,-0.38683584564401563
GSM3998168,GSE135251,NASH_Fibrotic,1.5500779018084625
GSM3998169,GSE135251,NASH_Fibrotic,1.9029103547676947
GSM3998170,GSE135251,NASH_Fibrotic,0.977357494916617
GSM3998171,GSE135251,NASH_Fibrotic,-0.0878010341782946
GSM3998172,GSE135251,NASH_Fibrotic,-0.6611937825942613
GSM3998173,GSE135251,NASH_Fibrotic,1.712398263942911
GSM3998174,GSE135251,NASH_Fibrotic,-0.19514575806149603
GSM3998175,GSE135251,Steatosis_NAFL,-1.7555978770877885
GSM3998176,GSE135251,NASH_Fibrotic,-0.41819071355570236
GSM3998177,GSE135251,Steatosis_NAFL,-0.9499889470127852
GSM3998178,GSE135251,NASH_Fibrotic,0.08320069132471947
GSM3998179,GSE135251,NASH_Fibrotic,0.8034600941043106
GSM3998180,GSE135251,NASH_Fibrotic,1.2133351749215027
GSM3998181,GSE135251,NASH_Fibrotic,-0.5950567500676615
GSM3998182,GSE135251,NASH_Fibrotic,-1.521188307545388
GSM3998183,GSE135251,NASH_Fibrotic,0.4857187455292853
GSM3998184,GSE135251,NASH_Fibrotic,0.7447481042030661
GSM3998185,GSE135251,NASH_Fibrotic,0.9851271733192902
GSM3998186,GSE135251,NASH_Fibrotic,-0.11300283475603135
GSM3998187,GSE135251,NASH_Fibrotic,1.499008805454106
GSM3998188,GSE135251,NASH_Fibrotic,0.9888505432989119
GSM3998189,GSE135251,Steatosis_NAFL,0.08072879936329952
GSM3998190,GSE135251,NASH_Fibrotic,-0.5108834781687964
GSM3998191,GSE135251,NASH_Fibrotic,1.4406081737458205
GSM3998192,GSE135251,Steatosis_NAFL,-0.6729498361695211
GSM3998193,GSE135251,NASH_Fibrotic,1.025712106100665
GSM3998194,GSE135251,Steatosis_NAFL,1.1741467916174548
GSM3998195,GSE135251,NASH_Fibrotic,-0.2590664646336473
GSM3998196,GSE135251,Steatosis_NAFL,0.21520752100771584
GSM3998197,GSE135251,Steatosis_NAFL,-0.35519697088235597
GSM3998198,GSE135251,Steatosis_NAFL,-0.8013642780313206
GSM3998199,GSE135251,NASH_Fibrotic,1.1806250624897074
GSM3998200,GSE135251,NASH_Fibrotic,0.016982026971786274
GSM3998201,GSE135251,NASH_Fibrotic,2.0755397320691125
GSM3998202,GSE135251,Steatosis_NAFL,-0.994741770416719
GSM3998203,GSE135251,NASH_Fibrotic,-0.025139390093105007
GSM3998204,GSE135251,NASH_Fibrotic,0.33604897418277746
GSM3998205,GSE135251,Steatosis_NAFL,-0.4829852142787584
GSM3998206,GSE135251,NASH_Fibrotic,0.25445988700367594
GSM3998207,GSE135251,NASH_Fibrotic,1.9020765202802532
GSM3998208,GSE135251,NASH_Fibrotic,-0.2652019611085934
GSM3998209,GSE135251,NASH_Fibrotic,0.2251670802325951
GSM3998210,GSE135251,NASH_Fibrotic,0.7518728538692729
GSM3998211,GSE135251,NASH_Fibrotic,0.17706934126914844
GSM3998212,GSE135251,NASH_Fibrotic,-0.2095744890996627
GSM3998213,GSE135251,Steatosis_NAFL,1.046165636792789
GSM3998214,GSE135251,NASH_Fibrotic,0.899638020430815
GSM3998215,GSE135251,NASH_Fibrotic,-0.1613673149928519
GSM3998216,GSE135251,Normal_Healthy,-1.1551122495318813
GSM3998217,GSE135251,Normal_Healthy,-1.9788689419529086
GSM3998218,GSE135251,Normal_Healthy,-1.7894145603726321
GSM3998219,GSE135251,Steatosis_NAFL,-1.746377081768586
GSM3998220,GSE135251,Normal_Healthy,-0.5782326978992514
GSM3998221,GSE135251,Normal_Healthy,-0.6250218811936354
GSM3998222,GSE135251,Normal_Healthy,-1.231591418864759
GSM3998223,GSE135251,Normal_Healthy,-1.4539492350886667
GSM3998224,GSE135251,Normal_Healthy,-1.6587836906625284
GSM3998225,GSE135251,NASH_Fibrotic,0.79497044751352
GSM3998226,GSE135251,NASH_Fibrotic,0.6729391384219557
GSM3998227,GSE135251,NASH_Fibrotic,0.6168917325078075
GSM3998228,GSE135251,NASH_Fibrotic,0.1968840063414855
GSM3998229,GSE135251,NASH_Fibrotic,0.9595590688105071
GSM3998230,GSE135251,NASH_Fibrotic,3.482615335055617
GSM3998231,GSE135251,NASH_Fibrotic,-0.25660083030408665
GSM3998232,GSE135251,Steatosis_NAFL,-0.9419170917624075
GSM3998233,GSE135251,NASH_Fibrotic,0.9117015468542575
GSM3998234,GSE135251,NASH_Fibrotic,0.8908689457315359
GSM3998235,GSE135251,NASH_Fibrotic,0.12165897672710943
GSM3998236,GSE135251,Steatosis_NAFL,1.050737156095779
GSM3998237,GSE135251,NASH_Fibrotic,0.020712790506292156
GSM3998238,GSE135251,NASH_Fibrotic,-0.39476906810175094
GSM3998239,GSE135251,NASH_Fibrotic,0.7951248525298495
GSM3998240,GSE135251,NASH_Fibrotic,0.3311820151498683
GSM3998241,GSE135251,NASH_Fibrotic,0.4011873139015921
GSM3998242,GSE135251,NASH_Fibrotic,0.6032846578192015
GSM3998243,GSE135251,NASH_Fibrotic,-0.06468910541155319
GSM3998244,GSE135251,Steatosis_NAFL,-0.679993142947703
GSM3998245,GSE135251,NASH_Fibrotic,0.8565563062068338
GSM3998246,GSE135251,NASH_Fibrotic,0.42663119886530876
GSM3998247,GSE135251,Steatosis_NAFL,-1.2813118042188294
GSM3998248,GSE135251,NASH_Fibrotic,0.35304506109065265
GSM3998249,GSE135251,Steatosis_NAFL,0.14449719643310044
GSM3998250,GSE135251,NASH_Fibrotic,0.7717878135428629
GSM3998251,GSE135251,NASH_Fibrotic,0.34423882520616733
GSM3998252,GSE135251,NASH_Fibrotic,-0.6458164624950025
GSM3998253,GSE135251,NASH_Fibrotic,2.4348421873438437
GSM3998254,GSE135251,Steatosis_NAFL,-0.6972184095736068
GSM3998255,GSE135251,NASH_Fibrotic,-0.600662058843527
GSM3998256,GSE135251,NASH_Fibrotic,-0.6505816995034398
GSM3998257,GSE135251,NASH_Fibrotic,1.4122094244960455
GSM3998258,GSE135251,NASH_Fibrotic,1.7877045848714403
GSM3998259,GSE135251,NASH_Fibrotic,-1.4985259107118494
GSM3998260,GSE135251,NASH_Fibrotic,-0.023739243940385846
GSM3998261,GSE135251,NASH_Fibrotic,0.7259930744419502
GSM3998262,GSE135251,NASH_Fibrotic,0.29910732165739795
GSM3998263,GSE135251,NASH_Fibrotic,-0.09023166962884382
GSM3998264,GSE135251,NASH_Fibrotic,1.1939406769399485
GSM3998265,GSE135251,NASH_Fibrotic,0.04682887281538613
GSM3998266,GSE135251,NASH_Fibrotic,-1.5780748122948915
GSM3998267,GSE135251,Steatosis_NAFL,-0.44528771883970164
GSM3998268,GSE135251,NASH_Fibrotic,0.6853920630746309
GSM3998269,GSE135251,NASH_Fibrotic,-0.055503166982599966
GSM3998270,GSE135251,Steatosis_NAFL,-1.468044440342918
GSM3998271,GSE135251,NASH_Fibrotic,-0.6099764125678255
GSM3998272,GSE135251,Steatosis_NAFL,-0.981708855317734
GSM3998273,GSE135251,NASH_Fibrotic,0.23166312410967682
GSM3998274,GSE135251,NASH_Fibrotic,0.711729964637635
GSM3998275,GSE135251,NASH_Fibrotic,-0.5581266822503567
GSM3998276,GSE135251,Steatosis_NAFL,1.3629291102429169
GSM3998277,GSE135251,NASH_Fibrotic,-0.09569161853828108
GSM3998278,GSE135251,NASH_Fibrotic,-0.5085062979215349
GSM3998279,GSE135251,Steatosis_NAFL,0.8634292190527404
GSM3998280,GSE135251,NASH_Fibrotic,0.6964935522783728
GSM3998281,GSE135251,Steatosis_NAFL,0.7156553977459696
GSM3998282,GSE135251,NASH_Fibrotic,-0.09036454965792642
GSM3998283,GSE135251,Steatosis_NAFL,1.6314089159589207
GSM3998284,GSE135251,NASH_Fibrotic,-0.19573844310245017
GSM3998285,GSE135251,NASH_Fibrotic,1.111000250919
GSM3998286,GSE135251,Steatosis_NAFL,-1.1150886497385768
GSM3998287,GSE135251,NASH_Fibrotic,-0.43333177065421025
GSM3998288,GSE135251,Steatosis_NAFL,-0.6568316701330594
GSM3998289,GSE135251,Steatosis_NAFL,-0.2564439995814637
GSM3998290,GSE135251,Steatosis_NAFL,-0.8838950779460851
GSM3998291,GSE135251,NASH_Fibrotic,0.4929167451349725
GSM3998292,GSE135251,NASH_Fibrotic,-0.47187148650069427
GSM3998293,GSE135251,Steatosis_NAFL,-1.1122550548407162
GSM3998294,GSE135251,Steatosis_NAFL,-1.3823195286518921
GSM3998295,GSE135251,Steatosis_NAFL,-0.26969652173135217
GSM3998296,GSE135251,NASH_Fibrotic,-0.5803622366873966
GSM3998297,GSE135251,NASH_Fibrotic,-1.0194281108656131
GSM3998298,GSE135251,NASH_Fibrotic,-0.16305896573274878
GSM3998299,GSE135251,NASH_Fibrotic,-1.5076346271307033
GSM3998300,GSE135251,NASH_Fibrotic,0.02350347738093192
GSM3998301,GSE135251,NASH_Fibrotic,1.3465444400271744
GSM3998302,GSE135251,Steatosis_NAFL,-0.10589446701124205
GSM3998303,GSE135251,Steatosis_NAFL,-0.5516848800932774
GSM3998304,GSE135251,Steatosis_NAFL,-0.39921608367531647
GSM3998305,GSE135251,Steatosis_NAFL,-0.583175200457037
GSM3998306,GSE135251,NASH_Fibrotic,-0.8294068183552981
GSM3998307,GSE135251,Steatosis_NAFL,-0.38177212351875855
GSM3998308,GSE135251,NASH_Fibrotic,0.3617389855526463
GSM3998309,GSE135251,NASH_Fibrotic,0.857415920536564
GSM3998310,GSE135251,Steatosis_NAFL,0.06421498829667036
GSM3998311,GSE135251,NASH_Fibrotic,-0.5076790041056103
GSM3998312,GSE135251,NASH_Fibrotic,-0.6191088623880592
GSM3998313,GSE135251,NASH_Fibrotic,0.4736588820505443
GSM3998314,GSE135251,NASH_Fibrotic,1.4233696411703183
GSM3998315,GSE135251,NASH_Fibrotic,-0.2208023881045828
GSM3998316,GSE135251,NASH_Fibrotic,-0.34250395179878174
GSM3998317,GSE135251,NASH_Fibrotic,0.09419874543048067
GSM3998318,GSE135251,NASH_Fibrotic,0.6245534996499853
GSM3998319,GSE135251,NASH_Fibrotic,0.3030471420028201
GSM3998320,GSE135251,NASH_Fibrotic,0.26370991167671975
GSM3998321,GSE135251,NASH_Fibrotic,-0.0971592892008636
GSM3998322,GSE135251,NASH_Fibrotic,0.13298344416037022
GSM3998323,GSE135251,Steatosis_NAFL,-0.540972432687574
GSM3998324,GSE135251,NASH_Fibrotic,1.593191697292777
GSM3998325,GSE135251,Steatosis_NAFL,-0.4821449137035077
GSM3998326,GSE135251,Steatosis_NAFL,0.32516923082673516
GSM3998327,GSE135251,NASH_Fibrotic,1.694937063907926
GSM3998328,GSE135251,NASH_Fibrotic,-0.05347703853117969
GSM3998329,GSE135251,NASH_Fibrotic,2.237846296283472
GSM3998330,GSE135251,NASH_Fibrotic,-0.5417115829500145
GSM3998331,GSE135251,NASH_Fibrotic,-0.5922593482837488
GSM3998332,GSE135251,NASH_Fibrotic,0.6692990890151495
GSM3998333,GSE135251,NASH_Fibrotic,2.1081861874839056
GSM3998334,GSE135251,NASH_Fibrotic,-0.037356668977302165
GSM3998335,GSE135251,NASH_Fibrotic,0.9891183353655087
GSM3998336,GSE135251,Steatosis_NAFL,-0.8348540107294767
GSM3998337,GSE135251,NASH_Fibrotic,-0.35145895092299584
GSM3998338,GSE135251,NASH_Fibrotic,-1.029983725693679
GSM3998339,GSE135251,NASH_Fibrotic,-0.34264945665640884
GSM3998340,GSE135251,NASH_Fibrotic,0.8007457646424065
GSM3998341,GSE135251,Normal_Healthy,-1.800764128992704
GSM3998342,GSE135251,Normal_Healthy,-1.9217177143785433
GSM3998343,GSE135251,NASH_Fibrotic,-0.9186611843267071
GSM3998344,GSE135251,Steatosis_NAFL,-1.5190904069154407
GSM3998345,GSE135251,Steatosis_NAFL,-1.7945171713497745
GSM3998346,GSE135251,Steatosis_NAFL,-0.61280103802843
GSM3998347,GSE135251,NASH_Fibrotic,0.08462637133102041
GSM3998348,GSE135251,NASH_Fibrotic,-0.5173330142040015
GSM3998349,GSE135251,Steatosis_NAFL,-1.4364583429513713
GSM3998350,GSE135251,NASH_Fibrotic,-0.3020656482823809
GSM3998351,GSE135251,NASH_Fibrotic,-0.770391431850109
GSM3998352,GSE135251,Steatosis_NAFL,0.2239413068263965
GSM3998353,GSE135251,Steatosis_NAFL,-1.1001585584381477
GSM3998354,GSE135251,NASH_Fibrotic,-0.06245077710767327
GSM3998355,GSE135251,NASH_Fibrotic,0.5063512396140821
GSM3998356,GSE135251,NASH_Fibrotic,-1.3518906430059494
GSM3998357,GSE135251,NASH_Fibrotic,-2.079341500151561
GSM3998358,GSE135251,NASH_Fibrotic,-0.7450807277381638
GSM3998359,GSE135251,NASH_Fibrotic,0.8427470208391747
GSM3998360,GSE135251,NASH_Fibrotic,-1.0884544753075738
GSM3998361,GSE135251,Steatosis_NAFL,-1.041422089580283
GSM3998362,GSE135251,NASH_Fibrotic,1.9438150246627037
GSM3998363,GSE135251,NASH_Fibrotic,-0.8733395091704912
GSM3998364,GSE135251,NASH_Fibrotic,-0.33756101852255527
GSM3998365,GSE135251,NASH_Fibrotic,-1.1129076023302995
GSM3998366,GSE135251,Steatosis_NAFL,-0.7730259414489179
GSM3998367,GSE135251,NASH_Fibrotic,1.2291457946797504
GSM3998368,GSE135251,NASH_Fibrotic,-1.3416748683160225
GSM3998369,GSE135251,NASH_Fibrotic,-0.058558454511615066
GSM3998370,GSE135251,NASH_Fibrotic,0.141565440944876
GSM3998371,GSE135251,NASH_Fibrotic,0.6275368397196
GSM3998372,GSE135251,NASH_Fibrotic,-0.10137292063100636
GSM3998373,GSE135251,NASH_Fibrotic,-0.07961954411553507
GSM3998374,GSE135251,NASH_Fibrotic,0.9745592250940732
GSM3998375,GSE135251,NASH_Fibrotic,-1.4137877861479193
GSM3998376,GSE135251,NASH_Fibrotic,0.9567507223889574
GSM3998377,GSE135251,Steatosis_NAFL,-0.30895274710399995
GSM3998378,GSE135251,NASH_Fibrotic,1.2750756783424368
GSM3998379,GSE135251,NASH_Fibrotic,0.3391713445672546
GSM3998380,GSE135251,NASH_Fibrotic,-0.23732294355479921
GSM3998381,GSE135251,NASH_Fibrotic,-0.15988320806276513
GSM3998382,GSE135251,NASH_Fibrotic,0.7797190677247112
GSM1310570,GSE54236,HCC_Tumor,0.43721795161893817
GSM1310571,GSE54236,HCC_Tumor,1.4326412162308295
GSM1310572,GSE54236,HCC_Tumor,3.5424008887175624
GSM1310573,GSE54236,HCC_Tumor,2.0904342584790574
GSM1310574,GSE54236,HCC_Tumor,1.2113220108806955
GSM1310575,GSE54236,HCC_Tumor,0.45096627898345637
GSM1310576,GSE54236,HCC_Tumor,3.4762882584320147
GSM1310577,GSE54236,HCC_Tumor,-2.3003065986031794
GSM1310578,GSE54236,HCC_Tumor,0.8390058029577551
GSM1310579,GSE54236,HCC_Tumor,-1.948426608143487
GSM1310580,GSE54236,HCC_Tumor,3.217995126711935
GSM1310581,GSE54236,HCC_Tumor,0.935834708784968
GSM1310582,GSE54236,HCC_Tumor,-1.7237767781759752
GSM1310583,GSE54236,HCC_Tumor,1.3798058354430398
GSM1310584,GSE54236,HCC_Tumor,2.9368368584897127
GSM1310585,GSE54236,HCC_Tumor,2.8713058021427753
GSM1310586,GSE54236,HCC_Tumor,4.136192135984187
GSM1310587,GSE54236,HCC_Tumor,1.2458826269614163
GSM1310588,GSE54236,HCC_Tumor,-0.47013359648677067
GSM1310589,GSE54236,HCC_Tumor,1.542429773244314
GSM1310590,GSE54236,HCC_Tumor,1.070643166618766
GSM1310591,GSE54236,HCC_Tumor,4.587192606287237
GSM1310592,GSE54236,HCC_Tumor,1.497947658877376
GSM1310593,GSE54236,HCC_Tumor,0.09038446497729917
GSM1310594,GSE54236,HCC_Tumor,2.297683391259974
GSM1310595,GSE54236,HCC_Tumor,-0.016123697962698046
GSM1310596,GSE54236,HCC_Tumor,1.9764977836072004
GSM1310597,GSE54236,HCC_Tumor,1.6026146210844967
GSM1310598,GSE54236,HCC_Tumor,1.032615635253145
GSM1310599,GSE54236,HCC_Tumor,2.2108667562289823
GSM1310600,GSE54236,HCC_Tumor,3.3025411152102127
GSM1310601,GSE54236,HCC_Tumor,3.17410979278859
GSM1310602,GSE54236,HCC_Tumor,-0.13204032237692565
GSM1310603,GSE54236,HCC_Tumor,2.34038657479673
GSM1310604,GSE54236,HCC_Tumor,-0.011687979215807567
GSM1310605,GSE54236,HCC_Tumor,0.10932822686935764
GSM1310606,GSE54236,HCC_Tumor,-1.174447871782803
GSM1310607,GSE54236,HCC_Tumor,-1.7125102633146232
GSM1310608,GSE54236,HCC_Tumor,0.3863658150745821
GSM1310609,GSE54236,HCC_Tumor,0.426634250409209
GSM1310610,GSE54236,HCC_Tumor,0.04507742993005548
GSM1310611,GSE54236,HCC_Tumor,0.13663975724034683
GSM1310612,GSE54236,HCC_Tumor,2.7203134963968214
GSM1310613,GSE54236,HCC_Tumor,0.7373420957759744
GSM1310614,GSE54236,HCC_Tumor,3.126760576822724
GSM1310615,GSE54236,HCC_Tumor,-0.6983133375823782
GSM1310616,GSE54236,HCC_Tumor,0.03452504454098674
GSM1310617,GSE54236,HCC_Tumor,1.8591138691957771
GSM1310618,GSE54236,HCC_Tumor,-0.19295617628613984
GSM1310619,GSE54236,HCC_Tumor,0.7866796886621299
GSM1310620,GSE54236,HCC_Tumor,0.7332178340455444
GSM1310621,GSE54236,HCC_Tumor,-0.5075354494102129
GSM1310622,GSE54236,HCC_Tumor,2.579371399442781
GSM1310623,GSE54236,HCC_Tumor,2.311679739275305
GSM1310624,GSE54236,HCC_Tumor,1.272404382937514
GSM1310625,GSE54236,HCC_Tumor,4.31429444948905
GSM1310626,GSE54236,HCC_Tumor,-0.6077276970461098
GSM1310627,GSE54236,HCC_Tumor,0.16487243814621413
GSM1310628,GSE54236,HCC_Tumor,-0.9207350183132944
GSM1310629,GSE54236,HCC_Tumor,-0.1664533769823147
GSM1310630,GSE54236,HCC_Tumor,-0.25013893089516626
GSM1310631,GSE54236,HCC_Tumor,-1.5413348928621098
GSM1310632,GSE54236,HCC_Tumor,0.30434326516337507
GSM1310633,GSE54236,HCC_Tumor,2.080604654586323
GSM1310634,GSE54236,HCC_Tumor,-1.0814159535295285
GSM1310635,GSE54236,HCC_Tumor,2.5346983412870006
GSM1310636,GSE54236,HCC_Tumor,-0.49168568096087145
GSM1310637,GSE54236,HCC_Tumor,2.590717301788392
GSM1310638,GSE54236,HCC_Tumor,-1.6170315601350715
GSM1310639,GSE54236,HCC_Tumor,2.292001654103262
GSM1310640,GSE54236,HCC_Tumor,-0.23993015865677936
GSM1310641,GSE54236,HCC_Tumor,-0.4999751456808703
GSM1310642,GSE54236,HCC_Tumor,2.413197178737367
GSM1310643,GSE54236,HCC_Tumor,1.4985350154554449
GSM1310644,GSE54236,HCC_Tumor,2.515419873848018
GSM1310645,GSE54236,HCC_Tumor,-0.6254115891303283
GSM1310646,GSE54236,HCC_Tumor,0.8087896492920361
GSM1310647,GSE54236,HCC_Tumor,2.087014840816338
GSM1310648,GSE54236,HCC_Tumor,0.7318968349528795
GSM1310649,GSE54236,HCC_Tumor,-0.6422009818911889
GSM1310650,GSE54236,HCC_Tumor,1.3743125644857344
GSM1310651,GSE54236,HCC_Tumor,-0.6794344659166585
GSM1310652,GSE54236,HCC_Tumor,-0.5164658110456638
GSM1310653,GSE54236,HCC_Tumor,-1.9872209361883353
GSM1310654,GSE54236,HCC_Tumor,-0.9599831813512041
GSM1310655,GSE54236,HCC_Tumor,-0.9561373972860243
GSM1310656,GSE54236,HCC_Tumor,-0.7319586862692009
GSM1310657,GSE54236,HCC_Tumor,-1.1364990019088703
GSM1310658,GSE54236,HCC_Tumor,-2.1166794573076633
GSM1310659,GSE54236,HCC_Tumor,-0.41867189759716456
GSM1310660,GSE54236,HCC_Tumor,-1.7922099410624108
GSM1310661,GSE54236,HCC_Tumor,-1.0279566346259206
GSM1310662,GSE54236,HCC_Tumor,-0.6812166903542684
GSM1310663,GSE54236,HCC_Tumor,-1.4738656198062077
GSM1310664,GSE54236,HCC_Tumor,-1.6268730308445896
GSM1310665,GSE54236,HCC_Tumor,-1.3050375825063072
GSM1310666,GSE54236,HCC_Tumor,-1.2799028371597119
GSM1310667,GSE54236,HCC_Tumor,-0.3072232309078112
GSM1310668,GSE54236,HCC_Tumor,-0.16080782055631032
GSM1310669,GSE54236,HCC_Tumor,-0.4301874837274282
GSM1310670,GSE54236,HCC_Tumor,-0.8355287829006615
GSM1310671,GSE54236,HCC_Tumor,-2.211646634723983
GSM1310672,GSE54236,HCC_Tumor,-1.1363452379119638
GSM1310673,GSE54236,HCC_Tumor,1.1958004126230493
GSM1310674,GSE54236,HCC_Tumor,-0.9171904147001523
GSM1310675,GSE54236,HCC_Tumor,-0.6437514217023904
GSM1310676,GSE54236,HCC_Tumor,-0.6484225987996276
GSM1310677,GSE54236,HCC_Tumor,-2.4870083686247666
GSM1310678,GSE54236,HCC_Tumor,-0.30635176851262613
GSM1310679,GSE54236,HCC_Tumor,-1.5710979423530849
GSM1310680,GSE54236,HCC_Tumor,-1.9330877699792066
GSM1310681,GSE54236,HCC_Tumor,-1.4200301359051337
GSM1310682,GSE54236,HCC_Tumor,-1.461904922374
GSM1310683,GSE54236,HCC_Tumor,-1.348544977347287
GSM1310684,GSE54236,HCC_Tumor,-1.897372221907362
GSM1310685,GSE54236,HCC_Tumor,-1.7152856799637382
GSM1310686,GSE54236,HCC_Tumor,-1.2878758099503607
GSM1310687,GSE54236,HCC_Tumor,-1.8290098866230529
GSM1310688,GSE54236,HCC_Tumor,-1.0869639254455772
GSM1310689,GSE54236,HCC_Tumor,-0.8176961425490171
GSM1310690,GSE54236,HCC_Tumor,-0.9563143957506671
GSM1310691,GSE54236,HCC_Tumor,-1.0531645048640805
GSM1310692,GSE54236,HCC_Tumor,-1.2478339669681362
GSM1310693,GSE54236,HCC_Tumor,1.9617543814308187
GSM1310694,GSE54236,HCC_Tumor,-1.008373100538384
GSM1310695,GSE54236,HCC_Tumor,-0.9451944920240257
GSM1310696,GSE54236,HCC_Tumor,-0.8220484669682895
GSM1310697,GSE54236,HCC_Tumor,-0.9801907493522067
GSM1310698,GSE54236,HCC_Tumor,-0.8369192369158731
GSM1310699,GSE54236,HCC_Tumor,-1.6560636595183267
GSM1310700,GSE54236,HCC_Tumor,-1.8618902396428587
GSM1310701,GSE54236,HCC_Tumor,-1.7637683818384156
GSM1310702,GSE54236,HCC_Tumor,-1.8089664941679762
GSM1310703,GSE54236,HCC_Tumor,-0.9249231033432911
GSM1310704,GSE54236,HCC_Tumor,0.0221974829707043
GSM1310705,GSE54236,HCC_Tumor,-1.8914125109728088
GSM1310706,GSE54236,HCC_Tumor,-1.6761989940117656
GSM1310707,GSE54236,HCC_Tumor,-0.6283388973850466
GSM1310708,GSE54236,HCC_Tumor,-1.0012643095527163
GSM1310709,GSE54236,HCC_Tumor,-1.635014956144039
GSM1310710,GSE54236,HCC_Tumor,-0.6859069967857976
GSM1310711,GSE54236,HCC_Tumor,-1.3193497544319615
GSM1310712,GSE54236,HCC_Tumor,-0.7299226962965045
GSM1310713,GSE54236,HCC_Tumor,-0.6336793589521743
GSM1310714,GSE54236,HCC_Tumor,-1.215094870349381
GSM1310715,GSE54236,HCC_Tumor,-0.7157694729416518
GSM1310716,GSE54236,HCC_Tumor,0.7297288023432409
GSM1310717,GSE54236,HCC_Tumor,-1.008839565062267
GSM1310718,GSE54236,HCC_Tumor,-1.3150062028687248
GSM1310719,GSE54236,HCC_Tumor,-0.7934387327604263
GSM1310720,GSE54236,HCC_Tumor,-1.0271651214324904
GSM1310721,GSE54236,HCC_Tumor,-1.2631818029628201
GSM1310722,GSE54236,HCC_Tumor,2.399299392373454
GSM1310723,GSE54236,HCC_Tumor,-1.1673051164016717
GSM1310724,GSE54236,HCC_Tumor,-0.8701179388246634
GSM1310725,GSE54236,HCC_Tumor,-1.121994112407147
GSM1310726,GSE54236,HCC_Tumor,-1.722220054911448
GSM1310727,GSE54236,HCC_Tumor,-1.8985468284683031
GSM1310728,GSE54236,HCC_Tumor,0.44665194124823293
GSM1310729,GSE54236,HCC_Tumor,-0.7663824838160699
GSM1310730,GSE54236,HCC_Tumor,-0.9940795990600504
P105A,GSE94660,HCC_Tumor,2.2422987467952282
P105D,GSE94660,Adjacent_NonTumor,-1.415186044496728
P106A,GSE94660,HCC_Tumor,1.571774471519551
P106D,GSE94660,Adjacent_NonTumor,-1.885362341926909
P112A,GSE94660,HCC_Tumor,2.333490093134718
P112D,GSE94660,Adjacent_NonTumor,-1.3607578957013287
P131A,GSE94660,HCC_Tumor,2.312629395312232
P131D,GSE94660,Adjacent_NonTumor,-1.9727767430544603
P138A,GSE94660,HCC_Tumor,2.1728395417516952
P138D,GSE94660,Adjacent_NonTumor,-1.8071705079169789
P140A,GSE94660,HCC_Tumor,2.511236646924629
P140D,GSE94660,Adjacent_NonTumor,-1.8145998731458108
P152A,GSE94660,HCC_Tumor,2.186440607002103
P152D,GSE94660,Adjacent_NonTumor,-1.4352405556968073
P157A,GSE94660,HCC_Tumor,1.272753655466608
P157D,GSE94660,Adjacent_NonTumor,-1.9525208148492283
P158A,GSE94660,HCC_Tumor,2.3646249001428488
P158D,GSE94660,Adjacent_NonTumor,-1.8888603032615479
P161A,GSE94660,HCC_Tumor,0.974143333075564
P161D,GSE94660,Adjacent_NonTumor,-1.7841177655788765
P16A,GSE94660,HCC_Tumor,1.8535220535333108
P16D,GSE94660,Adjacent_NonTumor,-1.7142051220026016
P170A,GSE94660,HCC_Tumor,2.2143209439485676
P170D,GSE94660,Adjacent_NonTumor,-1.7678838951000844
P171A,GSE94660,HCC_Tumor,0.008787191665192817
P171D,GSE94660,Adjacent_NonTumor,-1.9847047640417605
P176A,GSE94660,HCC_Tumor,0.7689766249690811
P176D,GSE94660,Adjacent_NonTumor,-1.913536574554524
P179A,GSE94660,HCC_Tumor,1.4587862187495149
P179D,GSE94660,Adjacent_NonTumor,-1.766055474513951
P49A,GSE94660,HCC_Tumor,1.875269076706052
P49D,GSE94660,Adjacent_NonTumor,-1.6533389006147368
P62A,GSE94660,HCC_Tumor,1.5409363366167979
P62D,GSE94660,Adjacent_NonTumor,-1.6410779441248606
P6A,GSE94660,HCC_Tumor,2.9378590772823707
P6D,GSE94660,Adjacent_NonTumor,-1.352312755112358
P75A,GSE94660,HCC_Tumor,2.2360703972504328
P75D,GSE94660,Adjacent_NonTumor,-1.8086958244369846
P94A,GSE94660,HCC_Tumor,-0.6549974417580623
P94D,GSE94660,Adjacent_NonTumor,-1.39319294131457
P99A,GSE94660,HCC_Tumor,1.993264253537778
P99D,GSE94660,Adjacent_NonTumor,-1.863429082181112
HDV_9B_S26,GSE144269,Adjacent_NonTumor,-1.5628904240293817
HDV_9A_S6,GSE144269,HCC_Tumor,1.5887521801698687
HDV_8B_S33,GSE144269,Adjacent_NonTumor,-1.7692041997370689
HDV_8A_S55,GSE144269,HCC_Tumor,0.3453057988767423
HDV_7B_S54,GSE144269,Adjacent_NonTumor,-0.9953063677727869
HDV_7A_S28,GSE144269,HCC_Tumor,1.2491281851740872
HDV_70B_S67,GSE144269,Adjacent_NonTumor,-1.9480597680835072
HDV_70A_S53,GSE144269,HCC_Tumor,1.1642849000493585
HDV_6B_S29,GSE144269,Adjacent_NonTumor,-1.581640482201588
HDV_6A_S29,GSE144269,HCC_Tumor,0.9134218392289433
HDV_69B_S48,GSE144269,Adjacent_NonTumor,-1.6768678360047256
HDV_69A_S8,GSE144269,HCC_Tumor,1.7942279026557362
HDV_68B_S5,GSE144269,Adjacent_NonTumor,-1.4154964306749813
HDV_68A_S50,GSE144269,HCC_Tumor,2.662906964997137
HDV_67B_S56,GSE144269,Adjacent_NonTumor,-2.0269514004272833
HDV_67A_S4,GSE144269,HCC_Tumor,3.0188803494548884
HDV_66B_S24,GSE144269,Adjacent_NonTumor,-1.8271967288367184
HDV_66A_S49,GSE144269,HCC_Tumor,2.5370457045589796
HDV_65B_S19,GSE144269,Adjacent_NonTumor,-1.6297634252127886
HDV_65A_S46,GSE144269,HCC_Tumor,2.4209236573495616
HDV_64B_S14,GSE144269,Adjacent_NonTumor,-1.3860834084487883
HDV_64A_S43,GSE144269,HCC_Tumor,1.0752677487370295
HDV_63B_S53,GSE144269,Adjacent_NonTumor,-1.603821151150267
HDV_63A_S40,GSE144269,HCC_Tumor,2.1305154336076053
HDV_62B_S9,GSE144269,Adjacent_NonTumor,-1.3901409497110082
HDV_62A_S36,GSE144269,HCC_Tumor,-0.6134351844073747
HDV_61B_S1,GSE144269,Adjacent_NonTumor,-1.4423195963218851
HDV_61A_S32,GSE144269,HCC_Tumor,2.9219197848464025
HDV_60B_S47,GSE144269,Adjacent_NonTumor,-1.4413645890030822
HDV_60A_S27,GSE144269,HCC_Tumor,0.7816314013491543
HDV_5B_S25,GSE144269,Adjacent_NonTumor,-0.9729296240211255
HDV_5A_S24,GSE144269,HCC_Tumor,0.8482135432782656
HDV_59B_2_S69,GSE144269,Adjacent_NonTumor,-2.3508902530190947
HDV_59A_S47,GSE144269,HCC_Tumor,2.6762331365059064
HDV_58B_S51,GSE144269,Adjacent_NonTumor,-1.0658924111351629
HDV_58A_S44,GSE144269,HCC_Tumor,-0.3996814649988162
HDV_57B_S3,GSE144269,Adjacent_NonTumor,-2.2948396689440687
HDV_57A_S65,GSE144269,HCC_Tumor,2.33666428556399
HDV_56B_S68,GSE144269,Adjacent_NonTumor,-1.8446508196756495
HDV_56A_S51,GSE144269,HCC_Tumor,-1.641133421556122
HDV_55B_S45,GSE144269,Adjacent_NonTumor,-1.609325760422974
HDV_55A_S22,GSE144269,HCC_Tumor,0.9128578895605338
HDV_54B_S43,GSE144269,Adjacent_NonTumor,-1.570662089049399
HDV_54A_S50,GSE144269,HCC_Tumor,1.5445369744247586
HDV_53B_S21,GSE144269,Adjacent_NonTumor,-1.271044679574117
HDV_53A_S17,GSE144269,HCC_Tumor,2.944059667035686
HDV_52B_S41,GSE144269,Adjacent_NonTumor,-1.5349274852584491
HDV_52A_S12,GSE144269,HCC_Tumor,0.9239831469772926
HDV_51B_S39,GSE144269,Adjacent_NonTumor,-1.0028130116548564
HDV_51A_S7,GSE144269,HCC_Tumor,2.9725865625003864
HDV_50B_S36,GSE144269,Adjacent_NonTumor,-1.8743684327752475
HDV_50A_S3,GSE144269,HCC_Tumor,2.0519876188566712
HDV_4B_S20,GSE144269,Adjacent_NonTumor,-1.6422593229725466
HDV_4A_S23,GSE144269,HCC_Tumor,1.6108596670021762
HDV_49B_S66,GSE144269,Adjacent_NonTumor,-1.554113903843091
HDV_49A_S70,GSE144269,HCC_Tumor,2.1113594614053612
HDV_48B_S32,GSE144269,Adjacent_NonTumor,-0.4493511356841316
HDV_48A_S69,GSE144269,HCC_Tumor,2.493085657391748
HDV_47B_S28,GSE144269,Adjacent_NonTumor,-1.305982546095098
HDV_47A_S41,GSE144269,HCC_Tumor,0.8301603680513464
HDV_46B_S23,GSE144269,Adjacent_NonTumor,-0.8429564800246907
HDV_46A_S37,GSE144269,HCC_Tumor,1.177032290772238
HDV_45B_S18,GSE144269,Adjacent_NonTumor,-1.7873447061165257
HDV_45A_S63,GSE144269,HCC_Tumor,1.3030864033788896
HDV_44B_S65,GSE144269,Adjacent_NonTumor,-1.7611794663904607
HDV_44A_S61,GSE144269,HCC_Tumor,0.44801797239304253
HDV_43B_S13,GSE144269,Adjacent_NonTumor,-1.2229208086690317
HDV_43A_S67,GSE144269,HCC_Tumor,2.5178648562692363
HDV_42B_S8,GSE144269,Adjacent_NonTumor,-1.5543823522678404
HDV_42A_S25,GSE144269,HCC_Tumor,2.579583387256513
HDV_41B_S2,GSE144269,Adjacent_NonTumor,-1.9257434113513607
HDV_41A_S19,GSE144269,HCC_Tumor,0.8468955897406545
HDV_40B_S44,GSE144269,Adjacent_NonTumor,-1.225586587281665
HDV_40A_S14,GSE144269,HCC_Tumor,1.8819861537303657
HDV_3B_S15,GSE144269,Adjacent_NonTumor,-1.1630245464488498
HDV_3A_S18,GSE144269,HCC_Tumor,2.9197948711701196
HDV_39B_S42,GSE144269,Adjacent_NonTumor,-1.5004775303392304
HDV_39A_S59,GSE144269,HCC_Tumor,1.203557725900822
HDV_38B_S40,GSE144269,Adjacent_NonTumor,-2.142586012778915
HDV_38A_S9,GSE144269,HCC_Tumor,2.934422733760905
HDV_37B_S38,GSE144269,Adjacent_NonTumor,-2.0714006203524686
HDV_37A_S5,GSE144269,HCC_Tumor,0.8833763765419211
HDV_36B_S35,GSE144269,Adjacent_NonTumor,-1.4010321718874463
HDV_36A_S20,GSE144269,HCC_Tumor,0.9978867438836602
HDV_35B_S16,GSE144269,Adjacent_NonTumor,-2.226850314253184
HDV_35A_S15,GSE144269,HCC_Tumor,0.9529446791812778
HDV_34B_S64,GSE144269,Adjacent_NonTumor,0.49037415375327376
HDV_34A_S35,GSE144269,HCC_Tumor,-1.2070351143588773
HDV_33B_S63,GSE144269,Adjacent_NonTumor,-1.6795897551014853
HDV_33A_S68,GSE144269,HCC_Tumor,-0.05950195210351203
HDV_32B_S31,GSE144269,Adjacent_NonTumor,-0.6532162693430157
HDV_32A_S52,GSE144269,HCC_Tumor,1.6989719902178835
HDV_31B_S70,GSE144269,Adjacent_NonTumor,-1.1876601640079967
HDV_31A_S66,GSE144269,HCC_Tumor,0.7633794775573695
HDV_30B_S62,GSE144269,Adjacent_NonTumor,-1.233105269499242
HDV_30A_S2,GSE144269,HCC_Tumor,3.124326344344307
HDV_2B_S10,GSE144269,Adjacent_NonTumor,-1.5840558469399952
HDV_2A_S38,GSE144269,HCC_Tumor,0.7556966506121063
HDV_29B_S61,GSE144269,Adjacent_NonTumor,0.9833988727336628
HDV_29A_S64,GSE144269,HCC_Tumor,-1.365379866253884
HDV_28B_S60,GSE144269,Adjacent_NonTumor,-1.9395604300749762
HDV_28A_S48,GSE144269,HCC_Tumor,0.9209578058147222
HDV_27B_S59,GSE144269,Adjacent_NonTumor,-1.615038424812751
HDV_27A_S57,GSE144269,HCC_Tumor,1.9127946390856925
HDV_26B_S27,GSE144269,Adjacent_NonTumor,-1.3921665097766442
HDV_26A_S10,GSE144269,HCC_Tumor,0.3937472897108455
HDV_25B_S22,GSE144269,Adjacent_NonTumor,-1.6344152992680936
HDV_25A_S62,GSE144269,HCC_Tumor,0.7481931847585847
HDV_24B_S17,GSE144269,Adjacent_NonTumor,-1.7858939683217132
HDV_24A_S45,GSE144269,HCC_Tumor,0.27519644736362847
HDV_23B_S58,GSE144269,Adjacent_NonTumor,-1.2025673291048469
HDV_23A_S42,GSE144269,HCC_Tumor,1.201485800877631
HDV_22B_S55,GSE144269,Adjacent_NonTumor,-2.1235886448812415
HDV_22A_S31,GSE144269,HCC_Tumor,0.05532660960727115
HDV_21B_S52,GSE144269,Adjacent_NonTumor,-1.5525722065974843
HDV_21A_S26,GSE144269,HCC_Tumor,3.425402342790159
HDV_20B_S57,GSE144269,Adjacent_NonTumor,-1.3889642165768115
HDV_20A_S60,GSE144269,HCC_Tumor,3.017939251948188
HDV_1B_S4,GSE144269,Adjacent_NonTumor,-0.9290574751594238
HDV_1A_S13,GSE144269,HCC_Tumor,2.3260847189110683
HDV_19B_S12,GSE144269,Adjacent_NonTumor,-1.7194477502052088
HDV_19A_S30,GSE144269,HCC_Tumor,2.2440859550111183
HDV_18B_S49,GSE144269,Adjacent_NonTumor,-1.4079424263303248
HDV_18A_S21,GSE144269,HCC_Tumor,2.8912281136926437
HDV_17B_S11,GSE144269,Adjacent_NonTumor,-0.976648931824273
HDV_17A_S16,GSE144269,HCC_Tumor,-0.01815187623248682
HDV_16B_S7,GSE144269,Adjacent_NonTumor,-2.1011021309255544
HDV_16A_S58,GSE144269,HCC_Tumor,1.6269597635846473
HDV_15B_S34,GSE144269,Adjacent_NonTumor,-1.4316569717665812
HDV_15A_S11,GSE144269,HCC_Tumor,0.2723395339157181
HDV_14B_S30,GSE144269,Adjacent_NonTumor,-1.4510996986725022
HDV_14A_S39,GSE144269,HCC_Tumor,1.51472819752928
HDV_13B_S1,GSE144269,Adjacent_NonTumor,-1.6041220446128412
HDV_13A_S56,GSE144269,HCC_Tumor,2.894256318922472
HDV_12B_S46,GSE144269,Adjacent_NonTumor,-1.8116329463198335
HDV_12A_S54,GSE144269,HCC_Tumor,0.438263704867097
HDV_11B_S6,GSE144269,Adjacent_NonTumor,-0.7175806904307461
HDV_11A_S34,GSE144269,HCC_Tumor,3.1951170217576896
HDV_10B_S37,GSE144269,Adjacent_NonTumor,-1.7619491993262197
HDV_10A_S33,GSE144269,HCC_Tumor,2.3780925867371656
